# Manually created: Land types from SAGE, HYDE, and desired protection/suitability merged and reconciled; missing zeroes backfilled; 2015 scaled to AGLU land cover years
GCAM_region_ID,year,GLU,prot_frac,non_prot_frac,Land_Type
1,2015,GLU007,0.910081668307058,0.089918331692942,Forest
1,2015,GLU007,0.956515190472711,0.0434848095272891,Grassland
1,2015,GLU007,0.766518100953577,0.233481899046423,Pasture
1,2015,GLU007,0.701418208118643,0.298581791881357,RockIceDesert
1,2015,GLU007,0.994590650865543,0.00540934913445701,Shrubland
1,2015,GLU007,0.940334332203897,0.0596656677961027,Tundra
1,2015,GLU023,0.225143475959977,0.774856524040023,Forest
1,2015,GLU023,0.0651997289917254,0.934800271008275,Grassland
1,2015,GLU023,0.0794969031120632,0.920503096887937,Pasture
1,2015,GLU027,0.784274198347703,0.215725801652297,Forest
1,2015,GLU027,0.220863699913025,0.779136300086975,Pasture
1,2015,GLU027,0.929760664701462,0.0702393352985382,Tundra
1,2015,GLU096,0.347968850264149,0.652031149735851,Forest
1,2015,GLU096,0.0671119677305149,0.932888032269485,Grassland
1,2015,GLU096,0.0428577256995171,0.957142274300483,Pasture
1,2015,GLU096,0.0362871038152089,0.963712896184791,Shrubland
1,2015,GLU101,0.270865501701597,0.729134498298403,Forest
1,2015,GLU101,0.293147428937702,0.706852571062298,Grassland
1,2015,GLU101,0.251312792004863,0.748687207995137,Pasture
1,2015,GLU217,0.509428642248216,0.490571357751784,Forest
1,2015,GLU217,0.241051888844609,0.758948111155391,Grassland
1,2015,GLU217,0.480543022315225,0.519456977684775,Pasture
1,2015,GLU217,0.985696703536852,0.014303296463148,RockIceDesert
1,2015,GLU217,0.771349748025229,0.228650251974771,Shrubland
1,2015,GLU217,0.997035505245055,0.00296449475494465,Tundra
1,2015,GLU218,0.101390593406812,0.898609406593188,Forest
1,2015,GLU218,0.0685389639505341,0.931461036049466,Grassland
1,2015,GLU218,0.0660228327295153,0.933977167270485,Pasture
1,2015,GLU219,0.0887259297351801,0.91127407026482,Forest
1,2015,GLU219,0.115613386598481,0.88438661340152,Grassland
1,2015,GLU219,0.087819321722731,0.912180678277269,Pasture
1,2015,GLU220,0.376998665893372,0.623001334106628,Forest
1,2015,GLU220,0.444059555299536,0.555940444700464,Grassland
1,2015,GLU220,0.671531341322318,0.328468658677682,Pasture
1,2015,GLU220,0.835998581326662,0.164001418673338,Shrubland
1,2015,GLU220,1,0,Tundra
1,2015,GLU221,0.179405450880466,0.820594549119533,Forest
1,2015,GLU221,0.229018129268523,0.770981870731477,Grassland
1,2015,GLU221,0.453643968061183,0.546356031938817,Pasture
1,2015,GLU221,0.525157534446355,0.474842465553645,Shrubland
1,2015,GLU222,0.42533109448675,0.57466890551325,Forest
1,2015,GLU222,0.517225544626271,0.482774455373729,Grassland
1,2015,GLU222,0.808778281804794,0.191221718195206,Pasture
1,2015,GLU222,0.987824964315154,0.0121750356848459,RockIceDesert
1,2015,GLU222,0.858974878304327,0.141025121695673,Shrubland
1,2015,GLU222,0.702193419644764,0.297806580355236,Tundra
1,2015,GLU223,0.238331527323814,0.761668472676186,Forest
1,2015,GLU223,0.0369139804317324,0.963086019568268,Grassland
1,2015,GLU223,0.0731922610047537,0.926807738995246,Pasture
1,2015,GLU223,0.178407970674961,0.821592029325039,Shrubland
1,2015,GLU223,0.740474341402209,0.259525658597791,Tundra
1,2015,GLU224,0.0992868407877152,0.900713159212285,Forest
1,2015,GLU224,0.027006132766697,0.972993867233303,Grassland
1,2015,GLU224,0.0444871162044479,0.955512883795552,Pasture
1,2015,GLU224,0.0444110342853428,0.955588965714657,Shrubland
1,2015,GLU225,0.0413709197532495,0.95862908024675,Forest
1,2015,GLU225,0.0643796312627817,0.935620368737218,Grassland
1,2015,GLU225,0.0565703905300906,0.943429609469909,Pasture
1,2015,GLU225,0.079710047430146,0.920289952569854,Shrubland
1,2015,GLU226,0.0845450875018763,0.915454912498124,Forest
1,2015,GLU226,0.168541579141568,0.831458420858432,Grassland
1,2015,GLU226,0.0885860032509456,0.911413996749054,Pasture
1,2015,GLU226,1,0,Shrubland
1,2015,GLU227,0.18096629853761,0.81903370146239,Forest
1,2015,GLU227,0.21189554725349,0.78810445274651,Grassland
1,2015,GLU227,0.142217894444908,0.857782105555092,Pasture
1,2015,GLU228,0.0659378514200522,0.934062148579948,Forest
1,2015,GLU228,0.0412302343305023,0.958769765669498,Grassland
1,2015,GLU228,0.0567142879727135,0.943285712027287,Pasture
1,2015,GLU229,0.374943818903531,0.625056181096469,Forest
1,2015,GLU229,0.360409462056186,0.639590537943814,Grassland
1,2015,GLU229,0.420349228198738,0.579650771801262,Pasture
1,2015,GLU229,0.635518723763096,0.364481276236904,Shrubland
1,2015,GLU229,0.801742389854119,0.198257610145881,Tundra
1,2015,GLU230,0.114213431261807,0.885786568738193,Forest
1,2015,GLU230,0.106585246009397,0.893414753990603,Grassland
1,2015,GLU230,0.0914044959166935,0.908595504083306,Pasture
1,2015,GLU231,0.242385049501173,0.757614950498827,Forest
1,2015,GLU231,0.0894978634032857,0.910502136596714,Grassland
1,2015,GLU231,0.134952032102333,0.865047967897667,Pasture
1,2015,GLU231,0.847848917395599,0.152151082604401,RockIceDesert
1,2015,GLU231,0.166591062243465,0.833408937756535,Shrubland
1,2015,GLU231,0.626430809497833,0.373569190502167,Tundra
1,2015,GLU232,0.131905705570725,0.868094294429275,Forest
1,2015,GLU232,0.293693855843333,0.706306144156667,Grassland
1,2015,GLU232,0.138354750158901,0.861645249841099,Pasture
1,2015,GLU233,0.16583400334313,0.83416599665687,Forest
1,2015,GLU233,0.284277046292479,0.715722953707521,Grassland
1,2015,GLU233,0.119670617392993,0.880329382607007,Pasture
1,2015,GLU234,0.375958984304407,0.624041015695593,Grassland
1,2015,GLU234,0.251935275637988,0.748064724362012,Pasture
2,2015,GLU087,0.155212359899503,0.844787640100497,Forest
2,2015,GLU087,0.095459383970147,0.904540616029853,Grassland
2,2015,GLU087,0.178856419814196,0.821143580185804,Pasture
2,2015,GLU087,0.923962536532767,0.0760374634672331,RockIceDesert
2,2015,GLU087,0.300095354135857,0.699904645864143,Shrubland
2,2015,GLU100,0.000562146968015689,0.999437853031984,Forest
2,2015,GLU100,0.439567032563919,0.560432967436081,Grassland
2,2015,GLU100,0.696641722443354,0.303358277556646,Pasture
2,2015,GLU100,0.936483305753633,0.0635166942463667,RockIceDesert
2,2015,GLU100,0.637440332797233,0.362559667202767,Shrubland
2,2015,GLU144,0.47440891021597,0.525591089784029,Grassland
2,2015,GLU144,0.525390154607315,0.474609845392685,Pasture
2,2015,GLU144,0.948349654972609,0.051650345027391,RockIceDesert
2,2015,GLU144,0.243240557902478,0.756759442097522,Shrubland
2,2015,GLU151,0.0013803553846969,0.998619644615303,Grassland
2,2015,GLU151,0.00129336867005926,0.998706631329941,Pasture
2,2015,GLU151,1,0,RockIceDesert
2,2015,GLU151,0.000111475297386497,0.999888524702613,Shrubland
2,2015,GLU170,0.232826620912716,0.767173379087284,Forest
2,2015,GLU170,0.154914901905882,0.845085098094118,Grassland
2,2015,GLU170,0.0769776103065627,0.923022389693437,Pasture
2,2015,GLU170,0.261239426242948,0.738760573757052,RockIceDesert
2,2015,GLU170,0.18933420817127,0.81066579182873,Shrubland
2,2015,GLU171,0.0458633961759249,0.954136603824075,Forest
2,2015,GLU171,0.245944387071498,0.754055612928502,Grassland
2,2015,GLU171,0.142178126201188,0.857821873798812,Pasture
2,2015,GLU171,0.270392095668876,0.729607904331124,Shrubland
2,2015,GLU177,0.185633098838362,0.814366901161638,Forest
2,2015,GLU177,0.0703791376117501,0.92962086238825,Grassland
2,2015,GLU177,0.088743938643549,0.911256061356451,Pasture
2,2015,GLU177,0.345172397943023,0.654827602056977,RockIceDesert
2,2015,GLU177,0.113564429063477,0.886435570936523,Shrubland
2,2015,GLU179,0.0610574545263619,0.938942545473638,Forest
2,2015,GLU179,0.274620383069691,0.725379616930309,Grassland
2,2015,GLU179,0.252580357882942,0.747419642117058,Pasture
2,2015,GLU179,0.707466681549025,0.292533318450975,RockIceDesert
2,2015,GLU179,0.406489974344051,0.593510025655949,Shrubland
2,2015,GLU183,0.0605640336573764,0.939435966342624,Forest
2,2015,GLU183,0.141413436893924,0.858586563106077,Grassland
2,2015,GLU183,0.125446055514326,0.874553944485674,Pasture
2,2015,GLU183,0.000260114669799805,0.9997398853302,RockIceDesert
2,2015,GLU183,0.22476589679718,0.77523410320282,Shrubland
3,2015,GLU075,0.426352529280229,0.573647470719771,Grassland
3,2015,GLU075,0.953065702229869,0.0469342977701309,RockIceDesert
3,2015,GLU075,0.539522917609058,0.460477082390942,Shrubland
3,2015,GLU080,0.112249130811754,0.887750869188246,Forest
3,2015,GLU080,0.192507879441791,0.807492120558209,Grassland
3,2015,GLU080,0.402552466614153,0.597447533385847,Pasture
3,2015,GLU080,0.835225844676352,0.164774155323648,RockIceDesert
3,2015,GLU080,0.17665459595607,0.82334540404393,Shrubland
3,2015,GLU086,0.0660801553532132,0.933919844646787,Forest
3,2015,GLU086,0.164530077305524,0.835469922694476,Grassland
3,2015,GLU086,0.471460350768552,0.528539649231448,Pasture
3,2015,GLU086,0.915297553731492,0.0847024462685081,RockIceDesert
3,2015,GLU086,0.183356956660621,0.816643043339379,Shrubland
3,2015,GLU087,0.383106695383166,0.616893304616834,Forest
3,2015,GLU087,0.167716617643738,0.832283382356262,Grassland
3,2015,GLU087,0.883724632989847,0.116275367010153,RockIceDesert
3,2015,GLU087,0.256320221664717,0.743679778335283,Shrubland
3,2015,GLU095,0.997626157860227,0.00237384213977287,RockIceDesert
3,2015,GLU098,0.994749078943633,0.00525092105636726,RockIceDesert
3,2015,GLU100,0.998360355084508,0.0016396449154924,RockIceDesert
3,2015,GLU144,0.85550121857063,0.14449878142937,Grassland
3,2015,GLU144,0.85667124068936,0.14332875931064,Pasture
3,2015,GLU144,0.987680855400599,0.0123191445994012,RockIceDesert
3,2015,GLU144,0.764703784144652,0.235296215855348,Shrubland
3,2015,GLU149,0.999932994873022,6.70051269783256e-05,RockIceDesert
3,2015,GLU151,0.999793819453884,0.000206180546115986,RockIceDesert
4,2015,GLU087,0.0851820664712542,0.914817933528746,Forest
4,2015,GLU087,0.209545846384835,0.790454153615165,Grassland
4,2015,GLU087,0.0515522768696775,0.948447723130323,Pasture
4,2015,GLU087,0.0991730218909411,0.900826978109059,RockIceDesert
4,2015,GLU087,0.0354214939834051,0.964578506016595,Shrubland
4,2015,GLU162,0.0280427232466917,0.971957276753308,Forest
4,2015,GLU162,0.0552102469399438,0.944789753060056,Grassland
4,2015,GLU162,0.0401476531346862,0.959852346865314,Pasture
4,2015,GLU171,0.14073441366131,0.85926558633869,Forest
4,2015,GLU171,0.162933082736899,0.837066917263101,Grassland
4,2015,GLU171,0.139002752007921,0.860997247992079,Pasture
4,2015,GLU171,0.16679336446765,0.83320663553235,RockIceDesert
4,2015,GLU171,0.101935507113678,0.898064492886322,Shrubland
4,2015,GLU179,0.169038543785203,0.830961456214797,Forest
4,2015,GLU179,0.104056621290025,0.895943378709975,Grassland
4,2015,GLU179,0.0569112507627294,0.943088749237271,Pasture
4,2015,GLU179,0.263680882553394,0.736319117446606,RockIceDesert
4,2015,GLU179,0.0455063604211922,0.954493639578808,Shrubland
4,2015,GLU182,0.0621137696797104,0.93788623032029,Forest
4,2015,GLU182,0.0680320174374986,0.931967982562501,Grassland
4,2015,GLU182,0.0611889147846724,0.938811085215328,Pasture
4,2015,GLU182,0.94686199172314,0.0531380082768594,RockIceDesert
4,2015,GLU182,0.310308366892349,0.689691633107651,Shrubland
4,2015,GLU183,0.0313715000718304,0.96862849992817,Forest
4,2015,GLU183,0.126734843258966,0.873265156741034,Grassland
4,2015,GLU183,0.0417422323871281,0.958257767612872,Pasture
4,2015,GLU183,0.392356979353832,0.607643020646168,RockIceDesert
4,2015,GLU183,0.534526144189412,0.465473855810588,Shrubland
4,2015,GLU188,0.103727507215224,0.896272492784776,Forest
4,2015,GLU188,0.212110061585629,0.787889938414371,Grassland
4,2015,GLU188,0.0504095952145002,0.9495904047855,Pasture
4,2015,GLU188,0.411676383159614,0.588323616840386,RockIceDesert
4,2015,GLU188,0.00194166259315688,0.998058337406843,Shrubland
4,2015,GLU190,0.067119535419927,0.932880464580073,Forest
4,2015,GLU190,0.0402172699887261,0.959782730011274,Grassland
4,2015,GLU190,0.0327784531443862,0.967221546855614,Pasture
4,2015,GLU190,0.226871582599805,0.773128417400195,RockIceDesert
4,2015,GLU190,0.0108066803823767,0.989193319617623,Shrubland
4,2015,GLU194,0.0478000949678588,0.952199905032141,Grassland
4,2015,GLU194,0.266285746775195,0.733714253224805,Pasture
4,2015,GLU194,0.968817820754993,0.0311821792450074,RockIceDesert
4,2015,GLU194,0.364615093578498,0.635384906421502,Shrubland
4,2015,GLU196,0.0290482623746311,0.970951737625369,Grassland
4,2015,GLU196,0.387971296744663,0.612028703255337,Pasture
4,2015,GLU196,0.992744400802217,0.00725559919778329,RockIceDesert
4,2015,GLU196,0.443440595199225,0.556559404800775,Shrubland
4,2015,GLU197,0.0493879771697079,0.950612022830292,Forest
4,2015,GLU197,0.145787827679544,0.854212172320456,Grassland
4,2015,GLU197,0.101732362409655,0.898267637590345,Pasture
4,2015,GLU197,0.789068207159579,0.210931792840421,RockIceDesert
4,2015,GLU197,0.178056536342387,0.821943463657613,Shrubland
4,2015,GLU198,0.285640210662122,0.714359789337878,Forest
4,2015,GLU198,0.095102065286368,0.904897934713632,Grassland
4,2015,GLU198,0.10969015643407,0.89030984356593,Pasture
4,2015,GLU198,0.374514423254766,0.625485576745234,RockIceDesert
4,2015,GLU199,0.00141224511284293,0.998587754887157,Forest
4,2015,GLU199,0.0630727650319391,0.936927234968061,Grassland
4,2015,GLU199,0.0235775804434188,0.976422419556581,Pasture
4,2015,GLU199,0.0329824181585581,0.967017581841442,Shrubland
5,2015,GLU086,0.0752784550632894,0.92472154493671,Grassland
5,2015,GLU086,0.715243415467383,0.284756584532617,Pasture
5,2015,GLU086,0.877380999772263,0.122619000227737,RockIceDesert
5,2015,GLU086,0.0176433883956843,0.982356611604316,Shrubland
5,2015,GLU087,0.368223225718919,0.631776774281081,Forest
5,2015,GLU087,0.290627095598414,0.709372904401586,Grassland
5,2015,GLU087,0.323781337076578,0.676218662923422,Pasture
5,2015,GLU087,0.316082229800145,0.683917770199855,RockIceDesert
5,2015,GLU087,0.707259995900122,0.292740004099878,Shrubland
5,2015,GLU142,0.0494232786865322,0.950576721313468,Forest
5,2015,GLU142,0.0730837838488782,0.926916216151122,Grassland
5,2015,GLU142,0.0356031688413076,0.964396831158692,Pasture
5,2015,GLU142,0.170306857511513,0.829693142488487,RockIceDesert
5,2015,GLU142,0.0510273936404393,0.948972606359561,Shrubland
5,2015,GLU144,0.363996728506293,0.636003271493707,Grassland
5,2015,GLU144,0.429892246148498,0.570107753851502,Pasture
5,2015,GLU144,0.98835857550641,0.0116414244935902,RockIceDesert
5,2015,GLU144,0.518440964267755,0.481559035732245,Shrubland
5,2015,GLU149,0.0637770191694248,0.936222980830575,Forest
5,2015,GLU149,0.0740934772084377,0.925906522791562,Grassland
5,2015,GLU149,0.0709169984634408,0.929083001536559,Pasture
5,2015,GLU149,0.636634013260821,0.363365986739179,RockIceDesert
5,2015,GLU149,0.296341137356533,0.703658862643467,Shrubland
5,2015,GLU151,0.032464394087041,0.967535605912959,Forest
5,2015,GLU151,0.131967739224694,0.868032260775306,Grassland
5,2015,GLU151,0.149063697711483,0.850936302288517,Pasture
5,2015,GLU151,0.9714925525297,0.0285074474702999,RockIceDesert
5,2015,GLU151,0.511071575913324,0.488928424086676,Shrubland
5,2015,GLU152,0.000676199233731572,0.999323800766268,Forest
5,2015,GLU152,0.05045978748067,0.94954021251933,Grassland
5,2015,GLU152,0.059733721863382,0.940266278136618,Pasture
5,2015,GLU152,0.305577211018559,0.694422788981441,RockIceDesert
5,2015,GLU152,0.034284782471854,0.965715217528146,Shrubland
5,2015,GLU160,0.132015721459968,0.867984278540032,Forest
5,2015,GLU160,0.0901262090636441,0.909873790936356,Grassland
5,2015,GLU160,0.0458685592986208,0.954131440701379,Pasture
5,2015,GLU160,0.397933040261585,0.602066959738415,RockIceDesert
5,2015,GLU162,0.0542041108725704,0.94579588912743,Forest
5,2015,GLU162,0.107969607441888,0.892030392558112,Grassland
5,2015,GLU162,0.0481882018876613,0.951811798112339,Pasture
5,2015,GLU162,0.177458777271811,0.822541222728189,RockIceDesert
5,2015,GLU162,0.218874577417323,0.781125422582677,Shrubland
5,2015,GLU183,0.0869295178748694,0.913070482125131,Forest
5,2015,GLU183,0.101087526756513,0.898912473243487,Grassland
5,2015,GLU183,0.031846195742257,0.968153804257743,Pasture
5,2015,GLU183,0.295582872432759,0.704417127567241,RockIceDesert
5,2015,GLU183,0.0461122604940895,0.95388773950591,Shrubland
5,2015,GLU188,0.0141024883356887,0.985897511664311,Forest
5,2015,GLU188,0.000450588761470643,0.999549411238529,Grassland
5,2015,GLU188,0.0141101235862676,0.985889876413732,Pasture
6,2015,GLU184,0.429987665512862,0.570012334487138,Forest
6,2015,GLU184,0.227241873862884,0.772758126137116,Grassland
6,2015,GLU184,0.152949464848799,0.8470505351512,Pasture
6,2015,GLU184,0.91848983018027,0.0815101698197299,RockIceDesert
6,2015,GLU184,0.325456544332143,0.674543455667857,Shrubland
6,2015,GLU189,0.351573964340939,0.648426035659061,Forest
6,2015,GLU189,0.113544735867738,0.886455264132262,Grassland
6,2015,GLU189,0.0801910792051945,0.919808920794805,Pasture
6,2015,GLU189,0.253237158675374,0.746762841324626,Shrubland
6,2015,GLU191,0.0844599750258303,0.91554002497417,Forest
6,2015,GLU191,0.183335352584759,0.816664647415241,Grassland
6,2015,GLU191,0.265354265110013,0.734645734889987,Pasture
6,2015,GLU191,0.994788920833054,0.00521107916694563,RockIceDesert
6,2015,GLU191,0.337621807818834,0.662378192181166,Shrubland
6,2015,GLU193,0.808902569014489,0.191097430985511,Forest
6,2015,GLU193,0.505037321623431,0.494962678376569,Grassland
6,2015,GLU193,0.374212155415587,0.625787844584413,Pasture
6,2015,GLU193,0.992210376264461,0.00778962373553937,RockIceDesert
6,2015,GLU193,0.655799855596407,0.344200144403593,Shrubland
6,2015,GLU201,0.59314597699737,0.40685402300263,Forest
6,2015,GLU201,0.355679686862211,0.644320313137789,Grassland
6,2015,GLU201,0.271506756081728,0.728493243918272,Pasture
6,2015,GLU201,0.909660644376758,0.0903393556232417,RockIceDesert
6,2015,GLU201,0.802906742227265,0.197093257772735,Tundra
6,2015,GLU202,0.180046379063469,0.819953620936531,Forest
6,2015,GLU202,0.617986061559103,0.382013938440897,Grassland
6,2015,GLU202,0.49947731891065,0.50052268108935,Pasture
6,2015,GLU202,1,0,RockIceDesert
6,2015,GLU202,0.833673336014008,0.166326663985992,Shrubland
6,2015,GLU208,0.274989842359739,0.725010157640261,Forest
6,2015,GLU208,0.154883533435546,0.845116466564453,Grassland
6,2015,GLU208,0.178787573083813,0.821212426916187,Pasture
6,2015,GLU208,0.479938688434691,0.520061311565309,Shrubland
6,2015,GLU211,0.297202421895674,0.702797578104326,Forest
6,2015,GLU211,0.522292408285369,0.477707591714631,Grassland
6,2015,GLU211,0.194520732199536,0.805479267800464,Pasture
6,2015,GLU211,0.676836820432247,0.323163179567753,Shrubland
7,2015,GLU156,0.473718840841706,0.526281159158294,Forest
7,2015,GLU156,0.0525494813919067,0.947450518608093,Grassland
7,2015,GLU156,0.302579579329687,0.697420420670313,Pasture
7,2015,GLU156,0.302579579329687,0.697420420670313,Tundra
7,2015,GLU161,0.450034940454613,0.549965059545387,Forest
7,2015,GLU161,0.329711356623199,0.6702886433768,Grassland
7,2015,GLU161,0.102170590500992,0.897829409499008,Pasture
7,2015,GLU161,1,0,RockIceDesert
7,2015,GLU161,0.00745795314800317,0.992542046851997,Shrubland
7,2015,GLU168,0.272470977372868,0.727529022627132,Forest
7,2015,GLU168,0.14070667900965,0.85929332099035,Grassland
7,2015,GLU168,0.0712033746895456,0.928796625310454,Pasture
7,2015,GLU168,0.0537397568520828,0.946260243147917,RockIceDesert
7,2015,GLU168,0.320312801573243,0.679687198426757,Shrubland
7,2015,GLU168,0.028163885393267,0.971836114606733,Tundra
7,2015,GLU172,0.283589388978455,0.716410611021545,Forest
7,2015,GLU172,0.206070675606408,0.793929324393592,Grassland
7,2015,GLU172,0.238944851600719,0.761055148399281,Pasture
7,2015,GLU172,0.861153920029528,0.138846079970472,RockIceDesert
7,2015,GLU172,0.32570834991576,0.67429165008424,Shrubland
7,2015,GLU174,0.081230622702395,0.918769377297605,Forest
7,2015,GLU174,0.149259658143519,0.850740341856481,Grassland
7,2015,GLU174,0.119676123171833,0.880323876828167,Pasture
7,2015,GLU174,1,0,RockIceDesert
7,2015,GLU174,0.347105321152763,0.652894678847237,Shrubland
7,2015,GLU186,0.40632257667463,0.59367742332537,Forest
7,2015,GLU186,0.0961822007013184,0.903817799298682,Grassland
7,2015,GLU186,0.0544038234171184,0.945596176582882,Pasture
7,2015,GLU186,0.126154087081922,0.873845912918078,RockIceDesert
7,2015,GLU186,0.0517137046824777,0.948286295317522,Shrubland
7,2015,GLU187,0.0617299814556027,0.938270018544397,Forest
7,2015,GLU187,0.109535113111305,0.890464886888695,Grassland
7,2015,GLU187,0.0838775425137864,0.916122457486214,Pasture
7,2015,GLU187,0.128204205291645,0.871795794708355,Shrubland
7,2015,GLU192,0.0857425315880455,0.914257468411955,Forest
7,2015,GLU192,0.119642791769576,0.880357208230425,Grassland
7,2015,GLU192,0.118072356897495,0.881927643102505,Pasture
7,2015,GLU192,0.0602767571822118,0.939723242817788,RockIceDesert
7,2015,GLU192,0.140733739220616,0.859266260779384,Shrubland
7,2015,GLU195,0.0863958529576007,0.913604147042399,Forest
7,2015,GLU195,0.0902833531914814,0.909716646808519,Grassland
7,2015,GLU195,0.0601231312496729,0.939876868750327,Pasture
7,2015,GLU195,0.436744611234594,0.563255388765406,RockIceDesert
7,2015,GLU195,0.0428168385066423,0.957183161493358,Shrubland
7,2015,GLU206,0.0582498661189264,0.941750133881074,Forest
7,2015,GLU206,0.0509563192071305,0.94904368079287,Grassland
7,2015,GLU206,0.0464238484253987,0.953576151574601,Pasture
7,2015,GLU206,0.86809645364957,0.131903546350431,RockIceDesert
7,2015,GLU206,0.378709215973527,0.621290784026473,Shrubland
8,2015,GLU002,0.8019055517658,0.1980944482342,Forest
8,2015,GLU002,0.949803933707481,0.0501960662925193,Grassland
8,2015,GLU002,0.680051179933423,0.319948820066577,Pasture
8,2015,GLU002,1,0,RockIceDesert
8,2015,GLU002,0.996197306192372,0.00380269380762754,Shrubland
8,2015,GLU002,1,0,Tundra
8,2015,GLU007,0.772906166307217,0.227093833692783,Forest
8,2015,GLU007,0.960078377556383,0.039921622443617,Grassland
8,2015,GLU007,0.748399508166941,0.251600491833059,Pasture
8,2015,GLU007,0.982303768090846,0.0176962319091539,RockIceDesert
8,2015,GLU007,0.998891001689654,0.00110899831034583,Shrubland
8,2015,GLU007,0.967211971280181,0.0327880287198186,Tundra
8,2015,GLU010,0.729917156387627,0.270082843612373,Forest
8,2015,GLU010,0.93575291891086,0.0642470810891402,Grassland
8,2015,GLU010,0.537423251302783,0.462576748697217,Pasture
8,2015,GLU010,1,0,RockIceDesert
8,2015,GLU010,0.995643496248891,0.00435650375110919,Shrubland
8,2015,GLU010,0.999699414288032,0.000300585711968004,Tundra
8,2015,GLU015,0.742570989654989,0.257429010345011,Forest
8,2015,GLU015,0.974347576179658,0.0256524238203425,Grassland
8,2015,GLU015,0.778768958304365,0.221231041695635,Pasture
8,2015,GLU015,1,0,RockIceDesert
8,2015,GLU015,0.99142262152621,0.00857737847379025,Shrubland
8,2015,GLU015,1,0,Tundra
8,2015,GLU019,0.438979568446932,0.561020431553068,Forest
8,2015,GLU019,0.594185922290783,0.405814077709217,Grassland
8,2015,GLU019,0.469388671601561,0.530611328398439,Pasture
8,2015,GLU019,1,0,RockIceDesert
8,2015,GLU019,0.965778749414611,0.0342212505853886,Shrubland
8,2015,GLU019,0.998416899929236,0.0015831000707639,Tundra
8,2015,GLU023,0.376480413051053,0.623519586948947,Forest
8,2015,GLU023,0.0900205901974959,0.909979409802504,Grassland
8,2015,GLU023,0.157593768606554,0.842406231393446,Pasture
8,2015,GLU023,0.999633998202753,0.000366001797247328,RockIceDesert
8,2015,GLU023,0.133001309578894,0.866998690421106,Shrubland
8,2015,GLU023,0.83329729059419,0.16670270940581,Tundra
8,2015,GLU027,0.345981787628782,0.654018212371218,Forest
8,2015,GLU027,0.702245348487905,0.297754651512095,Grassland
8,2015,GLU027,0.328163549880592,0.671836450119408,Pasture
8,2015,GLU027,0.993569944467477,0.00643005553252274,RockIceDesert
8,2015,GLU027,0.311233639717102,0.688766360282898,Shrubland
8,2015,GLU027,0.953294630855487,0.0467053691445125,Tundra
8,2015,GLU034,0.996624036570931,0.00337596342906932,Forest
8,2015,GLU034,0.999804007281005,0.000195992718995286,Grassland
8,2015,GLU034,0.99787491339616,0.00212508660383981,Pasture
8,2015,GLU034,0.999151608238541,0.000848391761459233,Shrubland
8,2015,GLU034,1,0,Tundra
8,2015,GLU040,0.553797163041412,0.446202836958588,Forest
8,2015,GLU040,0.854810225786759,0.145189774213241,Grassland
8,2015,GLU040,0.555770946800788,0.444229053199212,Pasture
8,2015,GLU040,0.994307468328975,0.00569253167102501,Shrubland
8,2015,GLU040,0.413164938979841,0.586835061020159,Tundra
8,2015,GLU223,0.179537516989144,0.820462483010856,Forest
8,2015,GLU223,0.205474899038522,0.794525100961478,Grassland
8,2015,GLU223,0.191083509442347,0.808916490557653,Pasture
8,2015,GLU223,0.587527582864523,0.412472417135477,Shrubland
8,2015,GLU227,0.270580462305126,0.729419537694874,Forest
8,2015,GLU227,0.188228590327737,0.811771409672263,Grassland
8,2015,GLU227,0.234422084829697,0.765577915170303,Pasture
8,2015,GLU227,0.547298783092342,0.452701216907658,Shrubland
8,2015,GLU229,0.64718881234299,0.35281118765701,Forest
8,2015,GLU229,0.739680003597797,0.260319996402203,Grassland
8,2015,GLU229,0.640454645833931,0.359545354166069,Pasture
8,2015,GLU229,0.992640036789483,0.00735996321051691,RockIceDesert
8,2015,GLU229,0.975290166029843,0.024709833970157,Tundra
8,2015,GLU232,0.104014374342563,0.895985625657437,Forest
8,2015,GLU232,0.0617011140358398,0.93829888596416,Grassland
8,2015,GLU232,0.101359666641561,0.898640333358439,Pasture
9,2015,GLU101,0.212229927768962,0.787770072231038,Forest
9,2015,GLU101,0.186896482991995,0.813103517008005,Grassland
9,2015,GLU101,0.14810786111633,0.85189213888367,Pasture
9,2015,GLU101,0.311570052756806,0.688429947243194,Shrubland
9,2015,GLU111,0.362275044665522,0.637724955334477,Forest
9,2015,GLU111,0.194767534859322,0.805232465140678,Grassland
9,2015,GLU111,0.189099434123203,0.810900565876797,Pasture
9,2015,GLU111,0.331464629013702,0.668535370986298,Shrubland
9,2015,GLU133,0.267490447931248,0.732509552068752,Forest
9,2015,GLU133,0.196481153534172,0.803518846465828,Grassland
9,2015,GLU133,0.20063921916482,0.79936078083518,Pasture
9,2015,GLU133,0.133193205033322,0.866806794966678,Shrubland
9,2015,GLU135,0.185732544030411,0.814267455969589,Forest
9,2015,GLU135,0.127941260664318,0.872058739335682,Grassland
9,2015,GLU135,0.0965274106520524,0.903472589347948,Pasture
9,2015,GLU135,0.255896276649905,0.744103723350095,Shrubland
9,2015,GLU143,0.386710138689417,0.613289861310583,Forest
9,2015,GLU143,0.334961235298083,0.665038764701917,Grassland
9,2015,GLU143,0.344798835796966,0.655201164203034,Pasture
9,2015,GLU143,0.116210131944776,0.883789868055224,Shrubland
9,2015,GLU157,0.276517649179159,0.723482350820841,Forest
9,2015,GLU157,0.281674945391244,0.718325054608756,Grassland
9,2015,GLU157,0.076518878754348,0.923481121245652,Pasture
9,2015,GLU157,0.074067259649983,0.925932740350017,Shrubland
10,2015,GLU018,0.568838030099869,0.431161969900131,Forest
10,2015,GLU018,0.567292141413794,0.432707858586206,Grassland
10,2015,GLU018,0.831349315029686,0.168650684970314,Pasture
10,2015,GLU018,0.988033298403025,0.0119667015969753,RockIceDesert
10,2015,GLU018,0.935979789021735,0.0640202109782647,Shrubland
10,2015,GLU038,0.352857660277927,0.647142339722073,Grassland
10,2015,GLU038,0.378875174171902,0.621124825828098,Pasture
10,2015,GLU038,0.921506162574723,0.0784938374252768,Shrubland
10,2015,GLU042,0.692270055777697,0.307729944222303,Forest
10,2015,GLU042,0.764227073734575,0.235772926265425,Grassland
10,2015,GLU042,0.784304859580268,0.215695140419732,Pasture
10,2015,GLU042,0.993861150492067,0.00613884950793286,RockIceDesert
10,2015,GLU042,0.824855107534387,0.175144892465613,Shrubland
10,2015,GLU042,0.95132801576605,0.0486719842339497,Tundra
10,2015,GLU043,0.626820236628301,0.373179763371699,Forest
10,2015,GLU043,0.430689246763281,0.569310753236719,Grassland
10,2015,GLU043,0.374359480341419,0.625640519658581,Pasture
10,2015,GLU043,0.422410038037873,0.577589961962127,Shrubland
10,2015,GLU045,0.890372999385913,0.109627000614087,Forest
10,2015,GLU045,0.861823903743908,0.138176096256092,Grassland
10,2015,GLU045,0.897287434304755,0.102712565695245,Pasture
10,2015,GLU045,0.984564203950198,0.0154357960498019,RockIceDesert
10,2015,GLU045,0.9902374437215,0.00976255627850009,Shrubland
10,2015,GLU045,0.869421841323145,0.130578158676855,Tundra
10,2015,GLU047,0.7510478374173,0.2489521625827,Forest
10,2015,GLU047,0.660972784759393,0.339027215240607,Grassland
10,2015,GLU047,0.684810408927289,0.315189591072711,Pasture
10,2015,GLU048,0.787537997028613,0.212462002971387,Forest
10,2015,GLU048,0.536298289239153,0.463701710760847,Grassland
10,2015,GLU048,0.533165428003608,0.466834571996392,Pasture
10,2015,GLU048,0.626733490045349,0.373266509954651,Shrubland
10,2015,GLU048,0.965348498638447,0.0346515013615531,Tundra
10,2015,GLU052,0.805171255065048,0.194828744934952,Grassland
10,2015,GLU052,0.798518594041979,0.201481405958021,Pasture
10,2015,GLU052,0.98278749309173,0.0172125069082701,RockIceDesert
10,2015,GLU052,0.844671834583872,0.155328165416128,Shrubland
10,2015,GLU052,1,0,Tundra
10,2015,GLU056,0.302819024636024,0.697180975363976,Forest
10,2015,GLU056,0.177305624567812,0.822694375432188,Grassland
10,2015,GLU056,0.194697431965274,0.805302568034726,Pasture
10,2015,GLU056,0.772935803211211,0.227064196788789,RockIceDesert
10,2015,GLU056,0.224792596503523,0.775207403496477,Shrubland
10,2015,GLU056,0.472633182248385,0.527366817751615,Tundra
10,2015,GLU058,0.602260212115197,0.397739787884803,Forest
10,2015,GLU058,0.626432817260218,0.373567182739782,Grassland
10,2015,GLU058,0.71301278689474,0.28698721310526,Pasture
10,2015,GLU058,0.934002006974294,0.0659979930257063,RockIceDesert
10,2015,GLU058,0.712837289600973,0.287162710399027,Shrubland
10,2015,GLU058,0.870896125282332,0.129103874717668,Tundra
10,2015,GLU068,0.367729916575758,0.632270083424242,Forest
10,2015,GLU068,0.352456395002248,0.647543604997752,Grassland
10,2015,GLU068,0.527891977460584,0.472108022539416,Pasture
10,2015,GLU068,0.868946692395352,0.131053307604648,RockIceDesert
10,2015,GLU068,0.682096029911846,0.317903970088154,Shrubland
10,2015,GLU068,0.553707019059478,0.446292980940522,Tundra
10,2015,GLU070,0.314001495033469,0.685998504966531,Forest
10,2015,GLU070,0.519167013637887,0.480832986362113,Grassland
10,2015,GLU070,0.471398116455953,0.528601883544047,Pasture
10,2015,GLU070,0.898947857320309,0.101052142679691,RockIceDesert
10,2015,GLU070,0.754768700466478,0.245231299533522,Tundra
10,2015,GLU072,0.212384201041571,0.787615798958429,Forest
10,2015,GLU072,0.187365978495187,0.812634021504813,Grassland
10,2015,GLU072,0.183394649066049,0.816605350933951,Pasture
10,2015,GLU072,0.454598506464176,0.545401493535824,RockIceDesert
10,2015,GLU072,0.176407917240907,0.823592082759093,Shrubland
10,2015,GLU072,0.286722916774816,0.713277083225184,Tundra
10,2015,GLU076,0.281856667387088,0.718143332612912,Forest
10,2015,GLU076,0.722385564398109,0.277614435601891,Grassland
10,2015,GLU076,0.66766396490431,0.33233603509569,Pasture
10,2015,GLU076,0.75614367314778,0.24385632685222,RockIceDesert
10,2015,GLU076,0.645242613892836,0.354757386107164,Shrubland
10,2015,GLU076,0.634543185759411,0.365456814240589,Tundra
10,2015,GLU085,0.888237441804918,0.111762558195082,Grassland
10,2015,GLU085,0.924397325788415,0.0756026742115845,Pasture
10,2015,GLU085,0.981692460505638,0.0183075394943625,RockIceDesert
10,2015,GLU085,0.935585402768594,0.0644145972314055,Shrubland
10,2015,GLU085,0.908700593581344,0.0912994064186555,Tundra
11,2015,GLU037,0.0320464702458491,0.967953529754151,Forest
11,2015,GLU037,0.0298376258509378,0.970162374149062,Grassland
11,2015,GLU037,0.0406074180961125,0.959392581903888,Pasture
11,2015,GLU042,0.335881801153893,0.664118198846107,Forest
11,2015,GLU042,0.235337540664183,0.764662459335817,Grassland
11,2015,GLU042,0.498247752553043,0.501752247446957,Pasture
11,2015,GLU042,0.954999419281423,0.0450005807185766,RockIceDesert
11,2015,GLU042,0.708341063142579,0.291658936857421,Shrubland
11,2015,GLU042,0.710638793177381,0.289361206822619,Tundra
11,2015,GLU043,0.149048682980624,0.850951317019376,Forest
11,2015,GLU043,0.360038331327081,0.639961668672919,Grassland
11,2015,GLU043,0.322845340957564,0.677154659042436,Pasture
11,2015,GLU043,0.482694606895177,0.517305393104823,Shrubland
11,2015,GLU043,0.0769534705310955,0.923046529468905,Tundra
11,2015,GLU056,0.963194040326226,0.0368059596737735,Forest
11,2015,GLU056,0.802609560069251,0.197390439930749,Grassland
11,2015,GLU056,0.820736411574706,0.179263588425294,Pasture
11,2015,GLU056,0.90837571121033,0.0916242887896698,RockIceDesert
11,2015,GLU056,0.837323090655128,0.162676909344872,Shrubland
11,2015,GLU056,0.905948965332938,0.0940510346670619,Tundra
11,2015,GLU058,0.99219960552654,0.0078003944734597,Pasture
11,2015,GLU058,0.999141024207099,0.000858975792901395,RockIceDesert
11,2015,GLU058,0.986725568395913,0.0132744316040873,Tundra
11,2015,GLU066,0.0625042412494341,0.937495758750566,Forest
11,2015,GLU066,0.0356682069392848,0.964331793060715,Grassland
11,2015,GLU066,0.0470599537650463,0.952940046234954,Pasture
11,2015,GLU066,0.64411771136599,0.35588228863401,RockIceDesert
11,2015,GLU066,0.018282334603433,0.981717665396567,Shrubland
11,2015,GLU066,0.578105551438998,0.421894448561002,Tundra
11,2015,GLU068,0.441662262852096,0.558337737147904,Forest
11,2015,GLU068,0.342707134126605,0.657292865873395,Grassland
11,2015,GLU068,0.464333881719724,0.535666118280276,Pasture
11,2015,GLU068,0.832909926819537,0.167090073180463,RockIceDesert
11,2015,GLU068,0.548418196969806,0.451581803030194,Shrubland
11,2015,GLU068,0.505581576733175,0.494418423266825,Tundra
11,2015,GLU076,0.97070857812712,0.0292914218728803,Pasture
11,2015,GLU076,0.97070857812712,0.0292914218728803,Tundra
11,2015,GLU077,0.0992595860270655,0.900740413972934,Forest
11,2015,GLU077,0.070426637476018,0.929573362523982,Grassland
11,2015,GLU077,0.0931958126853515,0.906804187314649,Pasture
11,2015,GLU077,0.654288585027622,0.345711414972378,RockIceDesert
11,2015,GLU077,0.102132091339836,0.897867908660164,Shrubland
11,2015,GLU077,0.628858834505081,0.371141165494919,Tundra
11,2015,GLU078,0.114851349439928,0.885148650560072,Forest
11,2015,GLU078,0.124820826986571,0.875179173013429,Grassland
11,2015,GLU078,0.120432794105139,0.879567205894861,Pasture
11,2015,GLU078,0.590101565629776,0.409898434370224,RockIceDesert
11,2015,GLU078,0.503697995487247,0.496302004512753,Shrubland
11,2015,GLU079,0.0777618792346417,0.922238120765358,Forest
11,2015,GLU079,0.104904635743661,0.895095364256339,Grassland
11,2015,GLU079,0.180615040159336,0.819384959840664,Pasture
11,2015,GLU079,0.356728624764702,0.643271375235298,RockIceDesert
11,2015,GLU079,0.173064399872515,0.826935600127485,Shrubland
11,2015,GLU079,0.641219036473741,0.358780963526259,Tundra
11,2015,GLU085,0.883919513974,0.116080486026,Grassland
11,2015,GLU085,0.911811738882986,0.088188261117014,Pasture
11,2015,GLU085,0.969167933294388,0.0308320667056123,RockIceDesert
11,2015,GLU085,0.753586079415683,0.246413920584317,Shrubland
11,2015,GLU085,0.964715529254289,0.0352844707457107,Tundra
11,2015,GLU089,0.882730140446253,0.117269859553747,Grassland
11,2015,GLU089,0.91039430942985,0.0896056905701496,Pasture
11,2015,GLU089,0.804615127398937,0.195384872601063,RockIceDesert
11,2015,GLU089,0.88404189799026,0.11595810200974,Shrubland
11,2015,GLU089,0.928608152505555,0.0713918474944454,Tundra
11,2015,GLU092,0.926245784186569,0.0737542158134309,Grassland
11,2015,GLU092,0.956313163565886,0.0436868364341139,Pasture
11,2015,GLU092,0.994455900413304,0.00554409958669633,RockIceDesert
11,2015,GLU092,0.964156618172345,0.035843381827655,Tundra
11,2015,GLU106,0.0900698501772921,0.909930149822708,Forest
11,2015,GLU106,0.314566748420326,0.685433251579674,Grassland
11,2015,GLU106,0.255889216517461,0.744110783482539,Pasture
11,2015,GLU106,0.953661565651721,0.0463384343482793,RockIceDesert
11,2015,GLU106,0.303199035429423,0.696800964570577,Shrubland
11,2015,GLU106,0.682016895340655,0.317983104659345,Tundra
11,2015,GLU108,0.0525460557139807,0.947453944286019,Forest
11,2015,GLU108,0.0632553697873844,0.936744630212616,Grassland
11,2015,GLU108,0.0535230367379204,0.94647696326208,Pasture
11,2015,GLU108,0.057446176810781,0.942553823189219,Shrubland
11,2015,GLU109,0.0444884939908166,0.955511506009183,Forest
11,2015,GLU109,0.0260610744108045,0.973938925589195,Grassland
11,2015,GLU109,0.0785590243858037,0.921440975614196,Pasture
11,2015,GLU109,0.128859852512448,0.871140147487552,Shrubland
11,2015,GLU110,0.734416672399066,0.265583327600934,Forest
11,2015,GLU110,0.720177628878386,0.279822371121614,Grassland
11,2015,GLU110,0.762717024239823,0.237282975760177,Pasture
11,2015,GLU110,0.924199754915943,0.0758002450840568,RockIceDesert
11,2015,GLU110,0.746486636055904,0.253513363944096,Shrubland
11,2015,GLU110,0.773884783366542,0.226115216633458,Tundra
11,2015,GLU112,0.0704999146524344,0.929500085347566,Forest
11,2015,GLU112,0.100341607772926,0.899658392227074,Grassland
11,2015,GLU112,0.0768356198132715,0.923164380186729,Pasture
11,2015,GLU112,0.143453171583982,0.856546828416018,RockIceDesert
11,2015,GLU112,0.0427849337786477,0.957215066221352,Shrubland
11,2015,GLU124,0.0652578471539525,0.934742152846048,Forest
11,2015,GLU124,0.071775206355735,0.928224793644265,Grassland
11,2015,GLU124,0.0669027498441901,0.93309725015581,Pasture
11,2015,GLU124,0.443467795848846,0.556532204151154,Shrubland
11,2015,GLU125,0.0558429476201172,0.944157052379883,Forest
11,2015,GLU125,0.521736721621226,0.478263278378774,Grassland
11,2015,GLU125,0.312328659720018,0.687671340279981,Pasture
11,2015,GLU125,0.18779918911721,0.81220081088279,Shrubland
11,2015,GLU125,0.509180197788153,0.490819802211847,Tundra
11,2015,GLU127,0.148589575901828,0.851410424098172,Forest
11,2015,GLU127,0.669570756537962,0.330429243462038,Grassland
11,2015,GLU127,0.624295092546388,0.375704907453612,Pasture
11,2015,GLU127,0.893255092887825,0.106744907112175,RockIceDesert
11,2015,GLU127,0.169661479756489,0.830338520243511,Shrubland
11,2015,GLU127,0.749288025494793,0.250711974505207,Tundra
11,2015,GLU137,0.112990317398801,0.887009682601199,Forest
11,2015,GLU137,0.51093969453404,0.48906030546596,Grassland
11,2015,GLU137,0.236257945528841,0.763742054471159,Pasture
11,2015,GLU137,0.422177815638488,0.577822184361511,Shrubland
11,2015,GLU137,0.703695618076643,0.296304381923357,Tundra
12,2015,GLU020,0.219595521093811,0.780404478906189,Forest
12,2015,GLU020,0.230732888172376,0.769267111827624,Grassland
12,2015,GLU020,0.189412800055872,0.810587199944128,Pasture
12,2015,GLU021,0.213286061681057,0.786713938318943,Forest
12,2015,GLU021,0.213286061681057,0.786713938318943,Pasture
12,2015,GLU022,0.213377399601081,0.786622600398919,Forest
12,2015,GLU022,0.178270577230625,0.821729422769375,Grassland
12,2015,GLU022,0.172114946384343,0.827885053615657,Pasture
12,2015,GLU025,0.174900752691916,0.825099247308084,Forest
12,2015,GLU025,0.127620065085406,0.872379934914594,Grassland
12,2015,GLU025,0.149962708760641,0.850037291239359,Pasture
12,2015,GLU029,0.131628285673141,0.868371714326859,Forest
12,2015,GLU029,0.139781573756852,0.860218426243148,Grassland
12,2015,GLU029,0.130620802994859,0.869379197005141,Pasture
12,2015,GLU030,0.144715561408119,0.855284438591881,Forest
12,2015,GLU030,0.137667826421763,0.862332173578237,Grassland
12,2015,GLU030,0.126070687949242,0.873929312050758,Pasture
12,2015,GLU031,0.231024363837272,0.768975636162728,Forest
12,2015,GLU031,0.214979607133383,0.785020392866617,Grassland
12,2015,GLU031,0.220580035212728,0.779419964787272,Pasture
12,2015,GLU033,0.0984136952744252,0.901586304725575,Forest
12,2015,GLU033,0.107068985022952,0.892931014977048,Grassland
12,2015,GLU033,0.0998201419248584,0.900179858075142,Pasture
12,2015,GLU035,0.172251125743898,0.827748874256102,Forest
12,2015,GLU035,0.17292032075941,0.82707967924059,Grassland
12,2015,GLU035,0.144762056161543,0.855237943838457,Pasture
12,2015,GLU035,0.746113240718842,0.253886759281158,Tundra
12,2015,GLU049,0.529006227850914,0.470993772149086,Forest
12,2015,GLU049,0.405567109584808,0.594432890415192,Grassland
12,2015,GLU049,0.487953344524943,0.512046655475057,Pasture
12,2015,GLU054,0.15372512625427,0.84627487374573,Forest
12,2015,GLU054,0.118011438687532,0.881988561312468,Grassland
12,2015,GLU054,0.125836237147824,0.874163762852176,Pasture
12,2015,GLU054,0.388426079034354,0.611573920965646,Shrubland
12,2015,GLU055,0.144485281219849,0.855514718780151,Forest
12,2015,GLU055,0.0974564976079714,0.902543502392029,Grassland
12,2015,GLU055,0.0897079486740856,0.910292051325914,Pasture
12,2015,GLU055,0.171542346065513,0.828457653934487,Shrubland
12,2015,GLU075,0.19233930351917,0.80766069648083,Forest
12,2015,GLU075,0.149020547286521,0.850979452713479,Grassland
12,2015,GLU075,0.167701868050022,0.832298131949978,Pasture
12,2015,GLU075,0.199636763815426,0.800363236184574,Shrubland
13,2015,GLU001,1,0,Grassland
13,2015,GLU001,0.993738955741421,0.00626104425857854,RockIceDesert
13,2015,GLU001,1,0,Shrubland
13,2015,GLU001,0.979236824083454,0.0207631759165456,Tundra
13,2015,GLU008,0.885878680205936,0.114121319794064,Forest
13,2015,GLU008,0.980626534709367,0.0193734652906326,Grassland
13,2015,GLU008,0.833707229719759,0.166292770280241,Pasture
13,2015,GLU008,0.998128247950324,0.00187175204967616,Shrubland
13,2015,GLU008,0.95990347034408,0.04009652965592,Tundra
13,2015,GLU012,0.182313140549771,0.817686859450229,Forest
13,2015,GLU012,0.473158642139699,0.526841357860301,Grassland
13,2015,GLU012,0.196611218805196,0.803388781194804,Pasture
13,2015,GLU012,0.99474321292815,0.00525678707185051,RockIceDesert
13,2015,GLU012,0.825332924057393,0.174667075942607,Shrubland
13,2015,GLU012,0.903736678433272,0.0962633215667279,Tundra
13,2015,GLU013,0.233572495313993,0.766427504686007,Forest
13,2015,GLU013,0.235603740981862,0.764396259018138,Grassland
13,2015,GLU013,0.282608803431975,0.717391196568025,Pasture
13,2015,GLU013,0.853847435096413,0.146152564903587,Shrubland
13,2015,GLU016,0.305568504152159,0.694431495847841,Forest
13,2015,GLU016,0.246989085920609,0.753010914079391,Grassland
13,2015,GLU016,0.288902465510047,0.711097534489953,Pasture
13,2015,GLU017,0.102920626670922,0.897079373329078,Forest
13,2015,GLU017,0.0977199216807841,0.902280078319216,Grassland
13,2015,GLU017,0.0830537259622253,0.916946274037775,Pasture
13,2015,GLU021,0.235237725366095,0.764762274633905,Forest
13,2015,GLU021,0.2415756553338,0.7584243446662,Grassland
13,2015,GLU021,0.23233613599912,0.76766386400088,Pasture
13,2015,GLU024,0.175897435595291,0.824102564404709,Forest
13,2015,GLU024,0.115703519009594,0.884296480990406,Grassland
13,2015,GLU024,0.131373510832582,0.868626489167418,Pasture
13,2015,GLU026,0.335056514724315,0.664943485275685,Forest
13,2015,GLU026,0.393677012707988,0.606322987292012,Grassland
13,2015,GLU026,0.353407002905699,0.646592997094301,Pasture
13,2015,GLU028,0.348300905261134,0.651699094738866,Forest
13,2015,GLU028,0.372823440840138,0.627176559159862,Grassland
13,2015,GLU028,0.340773846893957,0.659226153106043,Pasture
13,2015,GLU029,0.374308580550646,0.625691419449354,Forest
13,2015,GLU029,0.482547382893337,0.517452617106663,Grassland
13,2015,GLU029,0.394164966539764,0.605835033460236,Pasture
13,2015,GLU031,0.404918334305422,0.595081665694578,Forest
13,2015,GLU031,0.406115117815086,0.593884882184914,Grassland
13,2015,GLU031,0.383138219463808,0.616861780536192,Pasture
13,2015,GLU032,0.359428004951716,0.640571995048284,Forest
13,2015,GLU032,0.367722959266082,0.632277040733918,Grassland
13,2015,GLU032,0.318582608530778,0.681417391469223,Pasture
13,2015,GLU036,0.305458612738474,0.694541387261526,Forest
13,2015,GLU036,0.311677633290289,0.688322366709711,Grassland
13,2015,GLU036,0.289265139470272,0.710734860529728,Pasture
13,2015,GLU041,0.197702640103662,0.802297359896338,Forest
13,2015,GLU041,0.215639951897781,0.784360048102219,Grassland
13,2015,GLU041,0.185626271355894,0.814373728644106,Pasture
13,2015,GLU041,0.090551504846325,0.909448495153675,Shrubland
13,2015,GLU041,0.924167536199093,0.0758324638009071,Tundra
13,2015,GLU044,0.163535259042623,0.836464740957377,Forest
13,2015,GLU044,0.172375975587724,0.827624024412276,Grassland
13,2015,GLU044,0.162476753503501,0.837523246496499,Pasture
13,2015,GLU046,0.148700754631222,0.851299245368778,Forest
13,2015,GLU046,0.158971772380923,0.841028227619077,Grassland
13,2015,GLU046,0.129362119523516,0.870637880476484,Pasture
13,2015,GLU050,0.27876570056487,0.72123429943513,Forest
13,2015,GLU050,0.261167755649539,0.738832244350461,Grassland
13,2015,GLU050,0.20899344125381,0.79100655874619,Pasture
13,2015,GLU050,0.154410233086058,0.845589766913942,Shrubland
13,2015,GLU054,0.412747807959096,0.587252192040904,Forest
13,2015,GLU054,0.361980404331095,0.638019595668905,Grassland
13,2015,GLU054,0.395171287862823,0.604828712137177,Pasture
13,2015,GLU054,0.979620516469876,0.0203794835301236,RockIceDesert
13,2015,GLU054,0.883172669611811,0.116827330388189,Shrubland
13,2015,GLU054,0.926464608418343,0.073535391581657,Tundra
13,2015,GLU055,0.254752955368873,0.745247044631127,Forest
13,2015,GLU055,0.280734885346375,0.719265114653625,Grassland
13,2015,GLU055,0.281890862703912,0.718109137296087,Pasture
13,2015,GLU055,0.342446448475209,0.657553551524791,Shrubland
13,2015,GLU057,0.314083244101514,0.685916755898486,Forest
13,2015,GLU057,0.450775788923485,0.549224211076515,Grassland
13,2015,GLU057,0.361104960999639,0.638895039000361,Pasture
13,2015,GLU057,0.902495905902315,0.0975040940976851,RockIceDesert
13,2015,GLU057,0.765869051218033,0.234130948781967,Shrubland
13,2015,GLU057,0.88837924145512,0.11162075854488,Tundra
13,2015,GLU059,0.321420191841526,0.678579808158474,Forest
13,2015,GLU059,0.293222756276939,0.706777243723061,Grassland
13,2015,GLU059,0.217043696415065,0.782956303584935,Pasture
13,2015,GLU059,0.239369418528134,0.760630581471866,Shrubland
13,2015,GLU060,0.218519435736473,0.781480564263527,Forest
13,2015,GLU060,0.152935386813607,0.847064613186393,Grassland
13,2015,GLU060,0.151594549459937,0.848405450540063,Pasture
13,2015,GLU060,0.180339134391282,0.819660865608718,Shrubland
13,2015,GLU061,0.41470845742693,0.58529154257307,Forest
13,2015,GLU061,0.330466655911453,0.669533344088546,Grassland
13,2015,GLU061,0.329910995183258,0.670089004816742,Pasture
13,2015,GLU061,0.991048314608634,0.00895168539136637,RockIceDesert
13,2015,GLU061,0.339866053936594,0.660133946063406,Shrubland
13,2015,GLU061,0.928568616613246,0.0714313833867539,Tundra
13,2015,GLU062,0.354676283840268,0.645323716159732,Forest
13,2015,GLU062,0.326366225918735,0.673633774081265,Grassland
13,2015,GLU062,0.325607580250577,0.674392419749423,Pasture
13,2015,GLU062,0.998423362965695,0.00157663703430455,RockIceDesert
13,2015,GLU062,0.856672273514738,0.143327726485262,Shrubland
13,2015,GLU062,0.867127063335122,0.132872936664878,Tundra
13,2015,GLU063,0.254545610078403,0.745454389921597,Forest
13,2015,GLU063,0.254432777826778,0.745567222173222,Grassland
13,2015,GLU063,0.174496490103691,0.825503509896309,Pasture
13,2015,GLU063,0.199261873736182,0.800738126263818,Shrubland
13,2015,GLU064,0.245273230374295,0.754726769625705,Forest
13,2015,GLU064,0.241822131589361,0.758177868410639,Grassland
13,2015,GLU064,0.212078277947469,0.78792172205253,Pasture
13,2015,GLU064,0.133174597906995,0.866825402093005,Shrubland
13,2015,GLU064,0.891779392957687,0.108220607042313,Tundra
13,2015,GLU067,0.160288324721659,0.839711675278341,Forest
13,2015,GLU067,0.175697008671478,0.824302991328522,Grassland
13,2015,GLU067,0.176512781512478,0.823487218487522,Pasture
13,2015,GLU067,0.184791466414991,0.815208533585009,Shrubland
13,2015,GLU069,0.2485885601725,0.7514114398275,Forest
13,2015,GLU069,0.214969275553505,0.785030724446495,Grassland
13,2015,GLU069,0.189278363846471,0.810721636153529,Pasture
13,2015,GLU069,0.197179688635019,0.802820311364981,Shrubland
13,2015,GLU071,0.107185933676821,0.892814066323179,Forest
13,2015,GLU071,0.143929470688668,0.856070529311332,Grassland
13,2015,GLU071,0.116559368401008,0.883440631598992,Pasture
13,2015,GLU071,0.107802491915446,0.892197508084554,Shrubland
13,2015,GLU073,0.297595381506618,0.702404618493382,Forest
13,2015,GLU073,0.244889059943305,0.755110940056695,Grassland
13,2015,GLU073,0.2019535313021,0.7980464686979,Pasture
13,2015,GLU073,0.12557274602168,0.87442725397832,Shrubland
13,2015,GLU073,0.907270519413778,0.0927294805862224,Tundra
13,2015,GLU074,0.13523475254005,0.86476524745995,Forest
13,2015,GLU074,0.139092488851559,0.860907511148441,Grassland
13,2015,GLU074,0.101060918540344,0.898939081459656,Pasture
13,2015,GLU074,0.0691490441502765,0.930850955849724,Shrubland
13,2015,GLU075,0.529699374545887,0.470300625454113,Pasture
13,2015,GLU075,0.529699374545887,0.470300625454113,Shrubland
13,2015,GLU081,0.0363967183017556,0.963603281698244,Forest
13,2015,GLU081,0.094071807576132,0.905928192423868,Grassland
13,2015,GLU081,0.0781684001060088,0.921831599893991,Pasture
13,2015,GLU081,0.0844422460538954,0.915557753946105,Shrubland
13,2015,GLU083,0.151015104852079,0.848984895147921,Forest
13,2015,GLU083,0.16320708412459,0.83679291587541,Grassland
13,2015,GLU083,0.181040079959869,0.818959920040131,Pasture
13,2015,GLU083,0.194532417228946,0.805467582771054,Shrubland
13,2015,GLU086,0.503212511539459,0.496787488460541,Grassland
13,2015,GLU086,0.751898050503928,0.248101949496072,Pasture
13,2015,GLU086,0.749042804509806,0.250957195490194,RockIceDesert
13,2015,GLU215,0.293989036994917,0.706010963005083,Grassland
14,2015,GLU017,0.167312020815248,0.832687979184752,Forest
14,2015,GLU017,0.18897245178977,0.81102754821023,Grassland
14,2015,GLU017,0.176778631754012,0.823221368245988,Pasture
14,2015,GLU025,0.134226712484462,0.865773287515538,Forest
14,2015,GLU025,0.145982584461953,0.854017415538047,Grassland
14,2015,GLU025,0.121793302871875,0.878206697128125,Pasture
14,2015,GLU030,0.126121292879508,0.873878707120492,Forest
14,2015,GLU030,0.127606508823102,0.872393491176898,Grassland
14,2015,GLU030,0.0825850878468574,0.917414912153143,Pasture
14,2015,GLU030,0.0506220671647038,0.949377932835296,Tundra
14,2015,GLU035,0.101651204546046,0.898348795453954,Forest
14,2015,GLU035,0.117284255542083,0.882715744457917,Grassland
14,2015,GLU035,0.100427846191675,0.899572153808325,Pasture
14,2015,GLU039,0.0795136062763288,0.920486393723671,Forest
14,2015,GLU039,0.0756116925761548,0.924388307423845,Grassland
14,2015,GLU039,0.0722757797848787,0.927724220215121,Pasture
14,2015,GLU039,0.736332952976227,0.263667047023773,RockIceDesert
14,2015,GLU039,0.0550458935663302,0.94495410643367,Shrubland
14,2015,GLU039,0.217561275766882,0.782438724233118,Tundra
14,2015,GLU047,0.0926828124869829,0.907317187513017,Forest
14,2015,GLU047,0.0577072901399339,0.942292709860066,Grassland
14,2015,GLU047,0.0660089408867619,0.933991059113238,Pasture
14,2015,GLU047,0.104402497647845,0.895597502352155,Shrubland
14,2015,GLU049,0.128170900727008,0.871829099272992,Forest
14,2015,GLU049,0.119837425673286,0.880162574326714,Grassland
14,2015,GLU049,0.0991999538384715,0.900800046161528,Pasture
14,2015,GLU053,0.0999137729661752,0.900086227033825,Forest
14,2015,GLU053,0.0698264658755224,0.930173534124478,Grassland
14,2015,GLU053,0.0660380322744547,0.933961967725545,Pasture
14,2015,GLU054,0.162768910306093,0.837231089693907,Forest
14,2015,GLU054,0.0901431769006591,0.909856823099341,Grassland
14,2015,GLU054,0.106236903101368,0.893763096898632,Pasture
14,2015,GLU054,0.0304440412310179,0.969555958768982,Shrubland
15,2015,GLU054,0.0853670873256038,0.914632912674396,Forest
15,2015,GLU054,0.0936484589492797,0.90635154105072,Grassland
15,2015,GLU054,0.0825076716627983,0.917492328337202,Pasture
15,2015,GLU055,0.185694062672602,0.814305937327398,Forest
15,2015,GLU055,0.168735468589688,0.831264531410312,Grassland
15,2015,GLU055,0.166279083713852,0.833720916286148,Pasture
15,2015,GLU055,0.272042614954016,0.727957385045984,Shrubland
15,2015,GLU070,0.128665897890447,0.871334102109553,Forest
15,2015,GLU070,0.113489118331428,0.886510881668572,Grassland
15,2015,GLU070,0.0883104951104292,0.911689504889571,Pasture
15,2015,GLU070,0.0617998417284402,0.93820015827156,Shrubland
15,2015,GLU070,0.598448751907071,0.401551248092929,Tundra
15,2015,GLU072,0.0228430783417204,0.97715692165828,Forest
15,2015,GLU072,0.0648180301798641,0.935181969820136,Grassland
15,2015,GLU072,0.0558205541937332,0.944179445806267,Pasture
15,2015,GLU072,0.119374739549781,0.880625260450219,Shrubland
15,2015,GLU072,0.264228201983778,0.735771798016222,Tundra
15,2015,GLU075,0.15409281811537,0.84590718188463,Forest
15,2015,GLU075,0.214146037310056,0.785853962689944,Grassland
15,2015,GLU075,0.143627812863604,0.856372187136396,Pasture
15,2015,GLU075,0.610615648129239,0.389384351870761,RockIceDesert
15,2015,GLU075,0.139855932352409,0.860144067647591,Shrubland
15,2015,GLU084,0.0215388762230706,0.978461123776929,Forest
15,2015,GLU084,0.0968836166461151,0.903116383353885,Grassland
15,2015,GLU084,0.0783821594859205,0.92161784051408,Pasture
15,2015,GLU084,0.0515559422795069,0.948444057720493,Shrubland
15,2015,GLU084,0.253982980158982,0.746017019841018,Tundra
15,2015,GLU099,0.00910508632659912,0.990894913673401,Forest
15,2015,GLU099,0.0246303913955712,0.975369608604429,Pasture
15,2015,GLU099,0.0265705290580972,0.973429470941903,Shrubland
16,2015,GLU001,1,0,RockIceDesert
16,2015,GLU001,1,0,Shrubland
16,2015,GLU001,1,0,Tundra
16,2015,GLU008,0.323020038314767,0.676979961685233,Forest
16,2015,GLU008,0.637438115302612,0.362561884697388,Grassland
16,2015,GLU008,0.343996210657075,0.656003789342925,Pasture
16,2015,GLU008,0.948161836085015,0.0518381639149849,RockIceDesert
16,2015,GLU008,0.988552564657575,0.0114474353424246,Shrubland
16,2015,GLU008,0.76947935793166,0.23052064206834,Tundra
16,2015,GLU011,0.573009563108382,0.426990436891618,Forest
16,2015,GLU011,0.544395282306755,0.455604717693245,Grassland
16,2015,GLU011,0.598802681126027,0.401197318873973,Pasture
16,2015,GLU011,0.566246781096163,0.433753218903837,RockIceDesert
16,2015,GLU011,0.603872474938751,0.396127525061249,Shrubland
16,2015,GLU011,0.627863638042402,0.372136361957598,Tundra
16,2015,GLU012,0.237553010134135,0.762446989865865,Forest
16,2015,GLU012,0.510895887531262,0.489104112468738,Grassland
16,2015,GLU012,0.22890550058596,0.77109449941404,Pasture
16,2015,GLU012,0.9944833608659,0.00551663913410039,RockIceDesert
16,2015,GLU012,1,0,Shrubland
16,2015,GLU012,0.88007338100249,0.11992661899751,Tundra
16,2015,GLU032,0.38065195733559,0.61934804266441,Forest
16,2015,GLU032,0.437998376635674,0.562001623364326,Grassland
16,2015,GLU032,0.411010346262187,0.588989653737813,Pasture
16,2015,GLU032,0.904540171345976,0.0954598286540242,RockIceDesert
16,2015,GLU032,0.897650698662947,0.102349301337053,Tundra
16,2015,GLU054,0.824898193807661,0.175101806192339,Forest
16,2015,GLU054,0.854910517210478,0.145089482789522,Grassland
16,2015,GLU054,0.849580592162933,0.150419407837067,Pasture
16,2015,GLU054,0.901029225795651,0.0989707742043487,Tundra
16,2015,GLU057,0.795265000611043,0.204734999388957,Forest
16,2015,GLU057,0.855379447958124,0.144620552041876,Grassland
16,2015,GLU057,0.860161108443073,0.139838891556927,Pasture
16,2015,GLU057,0.908320479094982,0.0916795209050179,RockIceDesert
16,2015,GLU057,0.898991084288664,0.101008915711336,Tundra
16,2015,GLU062,0.519041704450719,0.480958295549281,Forest
16,2015,GLU062,0.651972890343871,0.348027109656129,Grassland
16,2015,GLU062,0.61373978648574,0.38626021351426,Pasture
16,2015,GLU062,0.958482063305925,0.0415179366940753,RockIceDesert
16,2015,GLU062,0.939955488506534,0.060044511493466,Shrubland
16,2015,GLU062,0.887097444700934,0.112902555299066,Tundra
17,2015,GLU089,0.304713437364243,0.695286562635757,Forest
17,2015,GLU089,0.596699133789757,0.403300866210243,Grassland
17,2015,GLU089,0.668677745123559,0.331322254876441,Pasture
17,2015,GLU089,0.971386077115281,0.0286139228847186,RockIceDesert
17,2015,GLU089,0.316501755504647,0.683498244495353,Shrubland
17,2015,GLU089,0.967319566374764,0.0326804336252355,Tundra
17,2015,GLU107,0.06172451964292,0.93827548035708,Forest
17,2015,GLU107,0.0868120587831667,0.913187941216833,Grassland
17,2015,GLU107,0.0768332391408208,0.923166760859179,Pasture
17,2015,GLU107,0.274610461096948,0.725389538903052,RockIceDesert
17,2015,GLU107,0.0666463237266788,0.933353676273321,Shrubland
17,2015,GLU110,0.0811259970703178,0.918874002929682,Forest
17,2015,GLU110,0.149697857352839,0.850302142647161,Grassland
17,2015,GLU110,0.0875590376050397,0.91244096239496,Pasture
17,2015,GLU110,0.793434422247313,0.206565577752687,RockIceDesert
17,2015,GLU110,0.20516384204672,0.79483615795328,Shrubland
17,2015,GLU110,0.882633589188191,0.117366410811809,Tundra
17,2015,GLU113,0.055799532579674,0.944200467420326,Forest
17,2015,GLU113,0.0612588287698646,0.938741171230135,Grassland
17,2015,GLU113,0.0601851530942782,0.939814846905722,Pasture
17,2015,GLU113,0.0476066470146179,0.952393352985382,RockIceDesert
17,2015,GLU113,0.274562693578621,0.725437306421379,Shrubland
17,2015,GLU116,0.0888228935323027,0.911177106467697,Forest
17,2015,GLU116,0.191009079251584,0.808990920748416,Grassland
17,2015,GLU116,0.0379560028007186,0.962043997199281,Pasture
17,2015,GLU117,0.0438780264147876,0.956121973585212,Forest
17,2015,GLU117,0.113709263615792,0.886290736384208,Grassland
17,2015,GLU117,0.0566003909789178,0.943399609021082,Pasture
17,2015,GLU117,0.0421685322972611,0.957831467702739,Shrubland
17,2015,GLU118,0.0641807653759585,0.935819234624041,Forest
17,2015,GLU118,0.0592533474755625,0.940746652524438,Grassland
17,2015,GLU118,0.0614274864843018,0.938572513515698,Pasture
17,2015,GLU120,0.0641980866412615,0.935801913358739,Forest
17,2015,GLU120,0.0381703202148796,0.96182967978512,Grassland
17,2015,GLU120,0.0481914040189862,0.951808595981014,Pasture
17,2015,GLU120,0.126205758296044,0.873794241703956,Shrubland
17,2015,GLU122,0.0402463353134871,0.959753664686513,Forest
17,2015,GLU122,0.0742416833867273,0.925758316613273,Grassland
17,2015,GLU122,0.0529678802486581,0.947032119751342,Pasture
17,2015,GLU122,0.26228996947415,0.73771003052585,Shrubland
17,2015,GLU123,0.0385938773552239,0.961406122644776,Forest
17,2015,GLU123,0.0698097063298363,0.930190293670164,Grassland
17,2015,GLU123,0.0457895264637052,0.954210473536295,Pasture
17,2015,GLU123,0.0379134294526192,0.962086570547381,Shrubland
17,2015,GLU128,0.043147949709357,0.956852050290643,Forest
17,2015,GLU128,0.0340843256580473,0.965915674341953,Grassland
17,2015,GLU128,0.0358194417862995,0.9641805582137,Pasture
17,2015,GLU128,0.0994821296276803,0.90051787037232,Shrubland
17,2015,GLU129,0.125077671367649,0.874922328632351,Forest
17,2015,GLU129,0.108756329525212,0.891243670474788,Grassland
17,2015,GLU129,0.0990014824769346,0.900998517523065,Pasture
17,2015,GLU129,0.179693484091153,0.820306515908847,Shrubland
17,2015,GLU137,0.124804042159026,0.875195957840974,Forest
17,2015,GLU137,0.1147587371739,0.8852412628261,Grassland
17,2015,GLU137,0.0945414789335655,0.905458521066435,Pasture
17,2015,GLU140,0.0507914404603753,0.949208559539625,Forest
17,2015,GLU140,0.0726500031172805,0.92734999688272,Grassland
17,2015,GLU140,0.049716472635671,0.950283527364329,Pasture
17,2015,GLU140,0.0433685986005424,0.956631401399458,Shrubland
17,2015,GLU141,0.149355156607875,0.850644843392125,Forest
17,2015,GLU141,0.223294567948332,0.776705432051668,Grassland
17,2015,GLU141,0.219537985450751,0.78046201454925,Pasture
17,2015,GLU145,0.0542317983304184,0.945768201669582,Forest
17,2015,GLU145,0.0788283727257492,0.921171627274251,Grassland
17,2015,GLU145,0.0525945038350543,0.947405496164946,Pasture
17,2015,GLU145,0.388345777988434,0.611654222011566,RockIceDesert
17,2015,GLU145,0.0616131208160394,0.938386879183961,Shrubland
17,2015,GLU147,0.0293343302036968,0.970665669796303,Forest
17,2015,GLU147,0.0151707528787039,0.984829247121296,Grassland
17,2015,GLU147,0.0272381384428033,0.972761861557197,Pasture
17,2015,GLU147,0.028572918330984,0.971427081669016,Shrubland
17,2015,GLU153,0.0932464692782713,0.906753530721729,Forest
17,2015,GLU153,0.0852242109449259,0.914775789055074,Grassland
17,2015,GLU153,0.0528678579393758,0.947132142060624,Pasture
17,2015,GLU153,0.0448355815837329,0.955164418416267,Shrubland
17,2015,GLU155,0.155241115363666,0.844758884636334,Forest
17,2015,GLU155,0.0968820451809443,0.903117954819056,Grassland
17,2015,GLU155,0.0846553775461266,0.915344622453873,Pasture
17,2015,GLU155,0.535295205341597,0.464704794658403,RockIceDesert
17,2015,GLU155,0.0372689461960991,0.962731053803901,Shrubland
17,2015,GLU235,0.0429829993686512,0.957017000631349,Forest
17,2015,GLU235,0.0908260122406474,0.909173987759353,Grassland
17,2015,GLU235,0.043187155961669,0.956812844038331,Pasture
17,2015,GLU235,0.0378617737217704,0.96213822627823,Shrubland
18,2015,GLU158,0.238611153109193,0.761388846890807,Forest
18,2015,GLU158,0.217253354193096,0.782746645806904,Grassland
18,2015,GLU158,0.219888072159514,0.780111927840486,Pasture
18,2015,GLU159,0.370172312106383,0.629827687893617,Forest
18,2015,GLU159,0.207956219056914,0.792043780943086,Grassland
18,2015,GLU159,0.274290021457487,0.725709978542513,Pasture
18,2015,GLU163,0.15906994855532,0.84093005144468,Forest
18,2015,GLU163,0.127411238345374,0.872588761654626,Grassland
18,2015,GLU163,0.094042278056287,0.905957721943713,Pasture
18,2015,GLU164,0.20024458248487,0.79975541751513,Forest
18,2015,GLU164,0.183476113607976,0.816523886392024,Grassland
18,2015,GLU164,0.167643365283303,0.832356634716697,Pasture
18,2015,GLU165,0.104628454162933,0.895371545837067,Forest
18,2015,GLU165,0.193794724336878,0.806205275663122,Grassland
18,2015,GLU165,0.0637379622407303,0.93626203775927,Pasture
18,2015,GLU167,0.146491903667513,0.853508096332487,Forest
18,2015,GLU167,0.463652943270374,0.536347056729626,Grassland
18,2015,GLU167,0.23193408702666,0.76806591297334,Pasture
18,2015,GLU175,0.172921304960369,0.82707869503963,Forest
18,2015,GLU175,0.143513975298298,0.856486024701702,Grassland
18,2015,GLU175,0.148337670918977,0.851662329081023,Pasture
18,2015,GLU178,0.0110593163983322,0.988940683601668,Forest
18,2015,GLU178,0.475606506619149,0.524393493380851,Grassland
18,2015,GLU178,0.428989019879292,0.571010980120708,Pasture
18,2015,GLU181,0.040528764783513,0.959471235216487,Forest
18,2015,GLU181,0.073739703684997,0.926260296315003,Pasture
19,2015,GLU051,0.327019396517973,0.672980603482027,Forest
19,2015,GLU051,0.375826510043433,0.624173489956567,Grassland
19,2015,GLU051,0.439662806035382,0.560337193964618,Shrubland
19,2015,GLU051,0.98488935784693,0.0151106421530703,Tundra
19,2015,GLU103,0.843481688401821,0.156518311598179,Forest
19,2015,GLU103,0.628251820802689,0.371748179197311,Shrubland
20,2015,GLU091,0.269590109170789,0.730409890829211,Forest
20,2015,GLU091,0.750708722792264,0.249291277207736,Grassland
20,2015,GLU091,0.663990365118391,0.336009634881609,Pasture
20,2015,GLU091,0.876680693543277,0.123319306456723,RockIceDesert
20,2015,GLU091,0.743987280819613,0.256012719180387,Shrubland
20,2015,GLU096,0.109791294455004,0.890208705544996,Forest
20,2015,GLU096,0.202767584291035,0.797232415708965,Grassland
20,2015,GLU096,0.119803944870824,0.880196055129176,Pasture
20,2015,GLU096,0.165938879460069,0.834061120539931,Shrubland
20,2015,GLU105,0.0632876671636703,0.93671233283633,Forest
20,2015,GLU105,0.0999932682558517,0.900006731744148,Grassland
20,2015,GLU105,0.0849461978517278,0.915053802148272,Pasture
20,2015,GLU105,0.12474977143988,0.87525022856012,Shrubland
20,2015,GLU111,0.133494172228542,0.866505827771458,Forest
20,2015,GLU111,0.297990955408393,0.702009044591607,Grassland
20,2015,GLU111,0.0951874183219278,0.904812581678072,Pasture
20,2015,GLU111,0.365968118175506,0.634031881824494,Shrubland
20,2015,GLU111,0.161637187004089,0.838362812995911,Tundra
20,2015,GLU114,0.0274995741446559,0.972500425855344,Forest
20,2015,GLU114,0.0544045347189647,0.945595465281035,Grassland
20,2015,GLU114,0.0854663010194692,0.914533698980531,Pasture
20,2015,GLU114,0.0909325761317744,0.909067423868226,Shrubland
20,2015,GLU115,0.1577617025707,0.8422382974293,Forest
20,2015,GLU115,0.257961211953499,0.7420387880465,Grassland
20,2015,GLU115,0.126201118672986,0.873798881327014,Pasture
20,2015,GLU115,0.0796118511481307,0.920388148851869,Shrubland
20,2015,GLU130,0.237105708852431,0.762894291147569,Forest
20,2015,GLU130,0.143229796599421,0.856770203400579,Grassland
20,2015,GLU130,0.139199626024919,0.860800373975081,Pasture
20,2015,GLU130,0.191999808322404,0.808000191677596,Shrubland
20,2015,GLU131,0.226133025994895,0.773866974005105,Forest
20,2015,GLU131,0.168538232797759,0.831461767202241,Grassland
20,2015,GLU131,0.138031213364746,0.861968786635254,Pasture
20,2015,GLU131,0.0979471197520522,0.902052880247948,Shrubland
20,2015,GLU132,0.0935599756248105,0.90644002437519,Forest
20,2015,GLU132,0.162878030023165,0.837121969976835,Grassland
20,2015,GLU132,0.117549746070014,0.882450253929986,Pasture
20,2015,GLU132,0.141376611067902,0.858623388932098,Shrubland
20,2015,GLU133,0.248345415734287,0.751654584265713,Forest
20,2015,GLU133,0.134230668539836,0.865769331460164,Grassland
20,2015,GLU133,0.18451184378493,0.81548815621507,Pasture
20,2015,GLU133,0.301070289334961,0.698929710665039,Shrubland
20,2015,GLU134,0.051200453617902,0.948799546382098,Forest
20,2015,GLU134,0.0843711106382031,0.915628889361797,Grassland
20,2015,GLU134,0.0712515189122357,0.928748481087764,Pasture
20,2015,GLU134,0.122456155771531,0.877543844228469,Shrubland
20,2015,GLU134,0.492455780506134,0.507544219493866,Tundra
20,2015,GLU135,0.216427015258412,0.783572984741588,Forest
20,2015,GLU135,0.42690646648407,0.57309353351593,Grassland
20,2015,GLU135,0.1831026516185,0.8168973483815,Pasture
20,2015,GLU136,0.0871403172906605,0.91285968270934,Forest
20,2015,GLU136,0.0749883152262958,0.925011684773704,Grassland
20,2015,GLU136,0.071148046599183,0.928851953400817,Pasture
20,2015,GLU136,0.0796596929947801,0.92034030700522,Shrubland
20,2015,GLU217,0.00412197924274128,0.995878020757259,Forest
20,2015,GLU217,0.161601184130968,0.838398815869032,Pasture
20,2015,GLU217,0.230987714660715,0.769012285339285,Shrubland
20,2015,GLU221,0.0363253305772662,0.963674669422734,Forest
20,2015,GLU221,0.294673230840648,0.705326769159353,Grassland
20,2015,GLU221,0.43222139418891,0.56777860581109,Pasture
20,2015,GLU221,1,0,RockIceDesert
20,2015,GLU221,0.454673252708534,0.545326747291466,Shrubland
20,2015,GLU231,0.139247984675784,0.860752015324216,Forest
20,2015,GLU231,0.207411163172271,0.792588836827729,Grassland
20,2015,GLU231,0.190403337257489,0.809596662742511,Pasture
20,2015,GLU231,0.214231659493788,0.785768340506212,Shrubland
21,2015,GLU052,0.370791279059515,0.629208720940485,Forest
21,2015,GLU052,0.393430288863413,0.606569711136587,Grassland
21,2015,GLU052,0.428271086477107,0.571728913522893,Pasture
21,2015,GLU052,0.815163614250239,0.184836385749761,RockIceDesert
21,2015,GLU052,0.427943055834077,0.572056944165923,Shrubland
21,2015,GLU072,0.397443650152219,0.602556349847781,Forest
21,2015,GLU072,0.163981037357451,0.836018962642549,Grassland
21,2015,GLU072,0.183795035141647,0.816204964858353,Pasture
21,2015,GLU072,0.584109738530087,0.415890261469913,RockIceDesert
21,2015,GLU072,0.26700999992114,0.73299000007886,Shrubland
21,2015,GLU072,0.739594161510468,0.260405838489532,Tundra
21,2015,GLU075,0.082899808883667,0.917100191116333,Forest
21,2015,GLU075,0.156687118186096,0.843312881813904,Grassland
21,2015,GLU075,0.16325097091513,0.83674902908487,Pasture
21,2015,GLU075,0.764177050465536,0.235822949534464,RockIceDesert
21,2015,GLU075,0.179975352028557,0.820024647971443,Shrubland
21,2015,GLU082,0.0054631233215332,0.994536876678467,Forest
21,2015,GLU082,0.516229190317744,0.483770809682256,Grassland
21,2015,GLU082,0.730516752491951,0.269483247508049,Pasture
21,2015,GLU082,0.842145873531812,0.157854126468188,RockIceDesert
21,2015,GLU082,0.638849146293341,0.361150853706659,Shrubland
21,2015,GLU084,0.114190281968791,0.885809718031209,Forest
21,2015,GLU084,0.212132009507252,0.787867990492748,Grassland
21,2015,GLU084,0.274209636751042,0.725790363248958,Pasture
21,2015,GLU084,0.729403133515296,0.270596866484704,RockIceDesert
21,2015,GLU084,0.313628103972847,0.686371896027153,Shrubland
21,2015,GLU088,0.172553474952891,0.827446525047109,Grassland
21,2015,GLU088,0.180553117329025,0.819446882670975,Pasture
21,2015,GLU088,0.237868080626143,0.762131919373857,RockIceDesert
21,2015,GLU088,0.16864504416327,0.83135495583673,Shrubland
21,2015,GLU090,0.963900397600932,0.0360996023990675,Grassland
21,2015,GLU090,0.921512027778511,0.0784879722214892,Pasture
21,2015,GLU090,0.974249062534818,0.0257509374651818,RockIceDesert
21,2015,GLU090,0.66864747047748,0.33135252952252,Shrubland
21,2015,GLU093,0.794663509253663,0.205336490746337,Grassland
21,2015,GLU093,0.847521171220815,0.152478828779185,Pasture
21,2015,GLU093,0.921326146323377,0.0786738536766233,RockIceDesert
21,2015,GLU093,0.80984059894295,0.19015940105705,Shrubland
21,2015,GLU094,0.455783207651989,0.544216792348011,Grassland
21,2015,GLU094,0.587471288603319,0.412528711396681,Pasture
21,2015,GLU094,0.785295097113436,0.214704902886564,RockIceDesert
21,2015,GLU094,0.669559026849404,0.330440973150596,Shrubland
21,2015,GLU095,0.135247633581887,0.864752366418113,Grassland
21,2015,GLU095,0.20119983189283,0.79880016810717,Pasture
21,2015,GLU095,0.828702029425004,0.171297970574996,RockIceDesert
21,2015,GLU095,0.282512933918017,0.717487066081983,Shrubland
21,2015,GLU097,0.659994656916493,0.340005343083507,Grassland
21,2015,GLU097,0.670463936237876,0.329536063762124,Pasture
21,2015,GLU097,0.686463063225494,0.313536936774506,RockIceDesert
21,2015,GLU097,0.259615337327269,0.740384662672731,Shrubland
21,2015,GLU098,1,0,Grassland
21,2015,GLU098,0.96800140105791,0.0319985989420897,Pasture
21,2015,GLU098,0.986840441267151,0.0131595587328491,RockIceDesert
21,2015,GLU098,0.938683295223615,0.0613167047763845,Shrubland
21,2015,GLU099,0.724047918173301,0.275952081826699,Grassland
21,2015,GLU099,0.708146161788792,0.291853838211208,Pasture
21,2015,GLU099,0.932136320504483,0.0678636794955165,RockIceDesert
21,2015,GLU099,0.729916112065269,0.270083887934731,Shrubland
21,2015,GLU100,0.844172782781632,0.155827217218368,Pasture
21,2015,GLU100,0.844172782781632,0.155827217218368,Shrubland
21,2015,GLU102,0.0120744629903835,0.987925537009616,Grassland
21,2015,GLU102,0.0449361296992405,0.95506387030076,Pasture
21,2015,GLU102,0.0420362825187303,0.95796371748127,RockIceDesert
21,2015,GLU102,0.1038990244175,0.8961009755825,Shrubland
21,2015,GLU104,0.0152633828002247,0.984736617199775,Grassland
21,2015,GLU104,0.096870198528722,0.903129801471278,Pasture
21,2015,GLU104,0.0998547152940706,0.900145284705929,RockIceDesert
21,2015,GLU104,0.0328276589973279,0.967172341002672,Shrubland
22,2015,GLU058,0.997398543171585,0.00260145682841539,Pasture
22,2015,GLU058,0.997398543171585,0.00260145682841539,RockIceDesert
22,2015,GLU085,0.998817867927585,0.00118213207241546,Pasture
22,2015,GLU085,0.998856971142521,0.00114302885747886,RockIceDesert
22,2015,GLU089,0.0449129317006939,0.955087068299306,Forest
22,2015,GLU089,0.423875862589415,0.576124137410585,Grassland
22,2015,GLU089,0.246420860451602,0.753579139548398,Pasture
22,2015,GLU089,0.319884677429856,0.680115322570144,RockIceDesert
22,2015,GLU089,0.164278303718284,0.835721696281716,Shrubland
22,2015,GLU089,0.907122292444153,0.0928777075558466,Tundra
22,2015,GLU097,0.711395514447147,0.288604485552853,Pasture
22,2015,GLU097,0.497444605258254,0.502555394741746,RockIceDesert
22,2015,GLU097,0.751771869404768,0.248228130595232,Shrubland
22,2015,GLU102,0.455012394990196,0.544987605009804,Pasture
22,2015,GLU102,0.597389903654971,0.402610096345029,RockIceDesert
22,2015,GLU102,0.250837624235054,0.749162375764946,Shrubland
22,2015,GLU104,0.260680238472828,0.739319761527172,Grassland
22,2015,GLU104,0.15963193981738,0.84036806018262,Pasture
22,2015,GLU104,0.184689057580469,0.815310942419531,RockIceDesert
22,2015,GLU104,0.236532903441009,0.763467096558991,Shrubland
22,2015,GLU107,0.223151006819435,0.776848993180565,Pasture
22,2015,GLU107,0.404201902164307,0.595798097835693,RockIceDesert
22,2015,GLU107,0.206191517283292,0.793808482716708,Shrubland
23,2015,GLU001,1,0,RockIceDesert
23,2015,GLU001,1,0,Shrubland
23,2015,GLU001,1,0,Tundra
23,2015,GLU003,0.998334606885649,0.00166539311435077,Forest
23,2015,GLU003,0.997863207887902,0.00213679211209772,Grassland
23,2015,GLU003,0.99986750924482,0.000132490755179515,Pasture
23,2015,GLU003,0.9998885694282,0.000111430571800186,RockIceDesert
23,2015,GLU003,0.998838734457973,0.00116126554202722,Shrubland
23,2015,GLU003,0.999191696586885,0.000808303413115441,Tundra
23,2015,GLU004,0.822070745198641,0.177929254801359,Forest
23,2015,GLU004,0.952184269576243,0.0478157304237572,Grassland
23,2015,GLU004,0.408762905211533,0.591237094788467,Pasture
23,2015,GLU004,0.998160914378154,0.00183908562184576,RockIceDesert
23,2015,GLU004,0.982622481185391,0.0173775188146092,Shrubland
23,2015,GLU004,0.971597170798088,0.0284028292019124,Tundra
23,2015,GLU005,0.999755668548012,0.000244331451987767,Forest
23,2015,GLU005,0.999670474923728,0.000329525076272374,Grassland
23,2015,GLU005,0.999370874658326,0.000629125341674475,Pasture
23,2015,GLU005,1,0,RockIceDesert
23,2015,GLU005,0.999735695138159,0.000264304861841147,Shrubland
23,2015,GLU005,0.999835883983986,0.000164116016014293,Tundra
23,2015,GLU006,0.997130660648697,0.0028693393513034,Forest
23,2015,GLU006,0.992988233789776,0.0070117662102237,Grassland
23,2015,GLU006,0.977247149850107,0.0227528501498934,Pasture
23,2015,GLU006,0.999805219159861,0.000194780840139019,RockIceDesert
23,2015,GLU006,0.994394316528703,0.00560568347129731,Shrubland
23,2015,GLU006,0.998489826427968,0.00151017357203231,Tundra
23,2015,GLU008,0.913784077118852,0.0862159228811477,Forest
23,2015,GLU008,0.939227092519833,0.0607729074801671,Grassland
23,2015,GLU008,0.78723524471084,0.21276475528916,Pasture
23,2015,GLU008,0.967714308721016,0.0322856912789844,Shrubland
23,2015,GLU008,0.962858456629958,0.037141543370042,Tundra
23,2015,GLU009,0.58836453818615,0.41163546181385,Forest
23,2015,GLU009,0.929856668421656,0.0701433315783443,Grassland
23,2015,GLU009,0.402517524166719,0.597482475833281,Pasture
23,2015,GLU009,1,0,RockIceDesert
23,2015,GLU009,0.986518735698187,0.0134812643018131,Shrubland
23,2015,GLU009,1,0,Tundra
23,2015,GLU013,0.791947389570273,0.208052610429727,Forest
23,2015,GLU013,0.722990900934636,0.277009099065364,Grassland
23,2015,GLU013,0.550663826729547,0.449336173270453,Pasture
23,2015,GLU013,0.870629650699273,0.129370349300727,Shrubland
23,2015,GLU014,0.244108803868024,0.755891196131976,Forest
23,2015,GLU014,0.233853715829135,0.766146284170865,Grassland
23,2015,GLU014,0.107476413202392,0.892523586797608,Pasture
23,2015,GLU014,0.282237396969791,0.717762603030208,Shrubland
23,2015,GLU017,0.329861081611774,0.670138918388226,Forest
23,2015,GLU017,0.312918441000262,0.687081558999738,Grassland
23,2015,GLU017,0.16572785695174,0.83427214304826,Pasture
23,2015,GLU017,0.378285688914046,0.621714311085954,Tundra
23,2015,GLU018,0.114725669124357,0.885274330875643,Forest
23,2015,GLU018,0.154148719333435,0.845851280666565,Grassland
23,2015,GLU018,0.142304583269438,0.857695416730562,Pasture
23,2015,GLU018,0.0332986116409302,0.96670138835907,RockIceDesert
23,2015,GLU018,0.756329656864016,0.243670343135984,Shrubland
23,2015,GLU018,0.222050960832593,0.777949039167407,Tundra
23,2015,GLU020,0.0972497047135154,0.902750295286485,Forest
23,2015,GLU020,0.141600664053221,0.858399335946779,Grassland
23,2015,GLU020,0.135202536521987,0.864797463478013,Pasture
23,2015,GLU020,0.0267990353227834,0.973200964677217,Tundra
23,2015,GLU022,0.187785139772109,0.812214860227891,Forest
23,2015,GLU022,0.183471345242035,0.816528654757965,Grassland
23,2015,GLU022,0.198004903433908,0.801995096566092,Pasture
23,2015,GLU025,0.20794573445365,0.79205426554635,Forest
23,2015,GLU025,0.228990809133618,0.771009190866382,Grassland
23,2015,GLU025,0.209430577260497,0.790569422739503,Pasture
23,2015,GLU033,0.116573522849948,0.883426477150052,Forest
23,2015,GLU033,0.191370087809044,0.808629912190956,Grassland
23,2015,GLU033,0.134197947251369,0.865802052748631,Pasture
23,2015,GLU035,0.00659720061026936,0.993402799389731,Forest
23,2015,GLU035,0.0433960637391131,0.956603936260887,Grassland
23,2015,GLU035,0.0303691823056604,0.96963081769434,Pasture
23,2015,GLU037,0.401564759068411,0.598435240931589,Forest
23,2015,GLU037,0.683395137345584,0.316604862654416,Grassland
23,2015,GLU037,0.424797693027935,0.575202306972065,Pasture
23,2015,GLU037,0.871361531250833,0.128638468749167,Shrubland
23,2015,GLU038,0.0172276200693698,0.98277237993063,Forest
23,2015,GLU038,0.0350320978084108,0.964967902191589,Grassland
23,2015,GLU038,0.0317778350958583,0.968222164904142,Pasture
23,2015,GLU038,0.0187417802675918,0.981258219732408,Shrubland
23,2015,GLU039,0.0469530900825159,0.953046909917484,Forest
23,2015,GLU039,0.0419082951508077,0.958091704849192,Grassland
23,2015,GLU039,0.044920189808983,0.955079810191017,Pasture
23,2015,GLU042,0.894310403174145,0.105689596825855,Forest
23,2015,GLU042,0.870231194980436,0.129768805019564,Grassland
23,2015,GLU042,0.871830330166827,0.128169669833173,Pasture
23,2015,GLU042,0.923257023096085,0.0767429769039154,RockIceDesert
23,2015,GLU042,0.869183276834141,0.130816723165859,Shrubland
23,2015,GLU042,0.931024670281577,0.0689753297184234,Tundra
23,2015,GLU043,0.72170839736,0.27829160264,Forest
23,2015,GLU043,0.720875538383961,0.279124461616039,Grassland
23,2015,GLU043,0.663900626117927,0.336099373882073,Pasture
23,2015,GLU043,0.711058864803685,0.288941135196315,Shrubland
23,2015,GLU043,0.298646686672859,0.701353313327141,Tundra
23,2015,GLU045,0.292574274374407,0.707425725625593,Forest
23,2015,GLU045,0.236449992203091,0.763550007796909,Grassland
23,2015,GLU045,0.294327587298907,0.705672412701093,Pasture
23,2015,GLU045,0.86489921872604,0.13510078127396,RockIceDesert
23,2015,GLU045,0.713028292184542,0.286971707815458,Shrubland
23,2015,GLU045,0.59666986133405,0.40333013866595,Tundra
23,2015,GLU047,0.306282916239386,0.693717083760614,Forest
23,2015,GLU047,0.0991376163954044,0.900862383604596,Grassland
23,2015,GLU047,0.162181152760812,0.837818847239188,Pasture
23,2015,GLU047,0.99063475523144,0.00936524476855982,RockIceDesert
23,2015,GLU047,0.974099128323664,0.0259008716763364,Shrubland
23,2015,GLU047,0.691641973869597,0.308358026130403,Tundra
23,2015,GLU048,0.905683035000747,0.0943169649992535,Forest
23,2015,GLU048,0.84987876963502,0.15012123036498,Grassland
23,2015,GLU048,0.783701466713629,0.216298533286371,Pasture
23,2015,GLU048,0.99998643469729,1.3565302710461e-05,RockIceDesert
23,2015,GLU048,0.886977960694591,0.113022039305409,Shrubland
23,2015,GLU048,0.942895409998844,0.0571045900011562,Tundra
23,2015,GLU053,0.0385934276300621,0.961406572369938,Forest
23,2015,GLU053,0.049382302056039,0.950617697943961,Grassland
23,2015,GLU053,0.0482437577823683,0.951756242217632,Pasture
23,2015,GLU053,0.097847041800335,0.902152958199665,Shrubland
23,2015,GLU056,0.562215921997942,0.437784078002058,Forest
23,2015,GLU056,0.352023164364281,0.647976835635719,Grassland
23,2015,GLU056,0.352298444146944,0.647701555853056,Pasture
23,2015,GLU056,0.885896084647248,0.114103915352752,RockIceDesert
23,2015,GLU056,0.372304346308774,0.627695653691226,Shrubland
23,2015,GLU056,0.539170730137741,0.460829269862259,Tundra
23,2015,GLU070,0.940228132589398,0.0597718674106023,Grassland
23,2015,GLU070,0.951548250545727,0.0484517494542732,Pasture
23,2015,GLU070,0.97791889531252,0.0220811046874801,Tundra
23,2015,GLU072,0.737895180699687,0.262104819300313,Forest
23,2015,GLU072,0.92126015053059,0.0787398494694096,Grassland
23,2015,GLU072,0.85168001734141,0.14831998265859,Pasture
23,2015,GLU072,0.729968786239624,0.270031213760376,Tundra
23,2015,GLU076,0.127705631643024,0.872294368356976,Grassland
23,2015,GLU076,0.132770191787094,0.867229808212906,Pasture
23,2015,GLU076,0.158160065489891,0.841839934510109,Shrubland
24,2015,GLU194,0.0773278943449425,0.922672105655057,Forest
24,2015,GLU194,0.241981677276643,0.758018322723357,Grassland
24,2015,GLU194,0.305309113537266,0.694690886462734,Pasture
24,2015,GLU194,0.635208553721611,0.364791446278389,RockIceDesert
24,2015,GLU194,0.453778868561205,0.546221131438795,Shrubland
24,2015,GLU196,0.999653870663674,0.000346129336326495,RockIceDesert
24,2015,GLU198,0.0603206745274411,0.939679325472559,Forest
24,2015,GLU198,0.0851089748382661,0.914891025161734,Grassland
24,2015,GLU198,0.142579183351038,0.857420816648962,Pasture
24,2015,GLU198,0.269988039325827,0.730011960674173,RockIceDesert
24,2015,GLU198,0.320417460085571,0.679582539914429,Shrubland
24,2015,GLU199,0.0261081997150292,0.973891800284971,Forest
24,2015,GLU199,0.0325470203507555,0.967452979649244,Grassland
24,2015,GLU199,0.0306450654300306,0.969354934569969,Pasture
24,2015,GLU199,0.0134136607522123,0.986586339247788,Shrubland
24,2015,GLU204,0.207643819808811,0.792356180191189,Forest
24,2015,GLU204,0.650174198684973,0.349825801315027,Grassland
24,2015,GLU204,0.676894220707426,0.323105779292574,Pasture
24,2015,GLU204,0.998206432339064,0.00179356766093619,RockIceDesert
24,2015,GLU204,0.67673039716848,0.32326960283152,Shrubland
25,2015,GLU143,0.319179348929702,0.680820651070298,Forest
25,2015,GLU143,0.210570964943378,0.789429035056622,Grassland
25,2015,GLU143,0.23667421778245,0.76332578221755,Pasture
25,2015,GLU143,0.314360792282521,0.685639207717479,RockIceDesert
25,2015,GLU143,0.29544025509692,0.70455974490308,Shrubland
25,2015,GLU143,0.254643493713654,0.745356506286346,Tundra
25,2015,GLU156,0.687390467222003,0.312609532777997,Forest
25,2015,GLU156,0.211643426979769,0.788356573020231,Grassland
25,2015,GLU156,0.135882060848308,0.864117939151692,Pasture
25,2015,GLU156,0.771411344594208,0.228588655405792,RockIceDesert
25,2015,GLU156,0.781007895635086,0.218992104364914,Shrubland
25,2015,GLU156,0.79664775854448,0.203352241455521,Tundra
25,2015,GLU161,0.240191171420909,0.759808828579091,Forest
25,2015,GLU161,0.196526570368694,0.803473429631306,Grassland
25,2015,GLU161,0.126189901998518,0.873810098001482,Pasture
25,2015,GLU161,0.718783842506317,0.281216157493683,RockIceDesert
25,2015,GLU166,0.801200144248694,0.198799855751306,Forest
25,2015,GLU166,0.861862644553185,0.138137355446815,Grassland
25,2015,GLU166,0.814662933997266,0.185337066002734,Pasture
25,2015,GLU168,0.595460201373569,0.404539798626431,Forest
25,2015,GLU168,0.119583042121561,0.880416957878439,Grassland
25,2015,GLU168,0.0341537907588527,0.965846209241147,Pasture
25,2015,GLU168,0,1,Tundra
26,2015,GLU157,0.113463735946273,0.886536264053727,Forest
26,2015,GLU157,0.101788822714639,0.898211177285361,Grassland
26,2015,GLU157,0.12502604880903,0.87497395119097,Pasture
26,2015,GLU157,0.149500954128197,0.850499045871803,RockIceDesert
26,2015,GLU157,0.167235749164366,0.832764250835634,Shrubland
26,2015,GLU157,0.191346851552478,0.808653148447522,Tundra
26,2015,GLU168,0.14279742709318,0.85720257290682,Forest
26,2015,GLU168,0.194415160671534,0.805584839328466,Grassland
26,2015,GLU168,0.139500907754682,0.860499092245318,Pasture
26,2015,GLU168,0.471351285474415,0.528648714525585,RockIceDesert
26,2015,GLU168,0.157700129493509,0.842299870506491,Shrubland
26,2015,GLU168,0.255034726844172,0.744965273155829,Tundra
26,2015,GLU169,0.311007611817625,0.688992388182375,Forest
26,2015,GLU169,0.620814358114623,0.379185641885377,Grassland
26,2015,GLU169,0.439124533425641,0.560875466574359,Pasture
26,2015,GLU169,0.709524621215608,0.290475378784392,RockIceDesert
26,2015,GLU169,0.0909228019875981,0.909077198012402,Shrubland
26,2015,GLU169,0.821696963743541,0.178303036256459,Tundra
26,2015,GLU180,0.238977805349449,0.761022194650551,Forest
26,2015,GLU180,0.554653375096044,0.445346624903956,Grassland
26,2015,GLU180,0.595848182658605,0.404151817341395,Pasture
26,2015,GLU180,0.88492999034487,0.11507000965513,RockIceDesert
26,2015,GLU180,0.364526734166991,0.635473265833009,Shrubland
26,2015,GLU180,0.532400637802705,0.467599362197295,Tundra
26,2015,GLU195,0.0385071349025077,0.961492865097492,Grassland
26,2015,GLU195,0.0385082215944756,0.961491778405524,Pasture
26,2015,GLU200,0.446707276032367,0.553292723967633,Forest
26,2015,GLU200,0.440067787624016,0.559932212375984,Grassland
26,2015,GLU200,0.420596176195643,0.579403823804357,Pasture
26,2015,GLU200,0.972219966900673,0.0277800330993269,RockIceDesert
26,2015,GLU200,0.0815983403909606,0.918401659609039,Shrubland
26,2015,GLU200,0.387132163799762,0.612867836200238,Tundra
26,2015,GLU205,1,0,Pasture
26,2015,GLU205,1,0,RockIceDesert
26,2015,GLU206,0.0599743548232482,0.940025645176752,Forest
26,2015,GLU206,0.0473947370795798,0.95260526292042,Grassland
26,2015,GLU206,0.0502711846341649,0.949728815365835,Pasture
26,2015,GLU206,0.0390806294263152,0.960919370573685,RockIceDesert
26,2015,GLU206,0.106759872896712,0.893240127103288,Shrubland
26,2015,GLU206,0.134188481121017,0.865811518878983,Tundra
26,2015,GLU207,0.86136526208186,0.13863473791814,Forest
26,2015,GLU207,0.907623061689675,0.0923769383103252,Grassland
26,2015,GLU207,0.889607122997221,0.110392877002779,Pasture
26,2015,GLU207,0.983833202939354,0.0161667970606459,RockIceDesert
26,2015,GLU207,0.468968441174306,0.531031558825694,Shrubland
26,2015,GLU207,0.777868348675437,0.222131651324563,Tundra
26,2015,GLU212,0.990483245935181,0.009516754064819,Pasture
26,2015,GLU212,0.993625661485258,0.00637433851474167,RockIceDesert
26,2015,GLU212,0.937738463282585,0.0622615367174149,Tundra
26,2015,GLU213,0.666013055142859,0.333986944857141,Forest
26,2015,GLU213,0.718418435873966,0.281581564126034,Grassland
26,2015,GLU213,0.52939711360588,0.47060288639412,Pasture
26,2015,GLU213,0.772502593696117,0.227497406303883,Tundra
26,2015,GLU215,0.665891804433604,0.334108195566396,Forest
26,2015,GLU215,0.650314967579752,0.349685032420248,Grassland
26,2015,GLU215,0.647523389498055,0.352476610501945,Pasture
26,2015,GLU215,0.919596412215591,0.0804035877844088,RockIceDesert
26,2015,GLU215,0.79084287583828,0.20915712416172,Shrubland
27,2015,GLU052,0.423280221083788,0.576719778916212,Grassland
27,2015,GLU052,0.391948460160512,0.608051539839487,Pasture
27,2015,GLU052,0.282598099315935,0.717401900684065,RockIceDesert
27,2015,GLU052,0.349100100421087,0.650899899578913,Shrubland
27,2015,GLU058,0.0571567718340451,0.942843228165955,Forest
27,2015,GLU058,0.273740351636711,0.726259648363289,Grassland
27,2015,GLU058,0.510690316454495,0.489309683545505,Pasture
27,2015,GLU058,0.843985615044268,0.156014384955732,RockIceDesert
27,2015,GLU058,0.595730312493506,0.404269687506494,Shrubland
27,2015,GLU058,0.909125489706625,0.0908745102933753,Tundra
27,2015,GLU089,0.418519535227731,0.581480464772269,Grassland
27,2015,GLU089,0.464851957473801,0.535148042526199,Pasture
27,2015,GLU089,0.768320927689859,0.231679072310141,RockIceDesert
27,2015,GLU089,0.436741006526022,0.563258993473978,Shrubland
27,2015,GLU089,0.829359121418002,0.170640878581998,Tundra
27,2015,GLU090,0.848559787305126,0.151440212694874,Grassland
27,2015,GLU090,0.746006865248425,0.253993134751575,Pasture
27,2015,GLU090,0.855059702751601,0.144940297248399,RockIceDesert
27,2015,GLU090,0.69409221218407,0.30590778781593,Shrubland
27,2015,GLU097,0.860013667435619,0.139986332564381,Grassland
27,2015,GLU097,0.673828070023051,0.326171929976949,Pasture
27,2015,GLU097,0.804663176778822,0.195336823221178,RockIceDesert
27,2015,GLU097,0.611936028474675,0.388063971525325,Shrubland
27,2015,GLU102,0.13084094553812,0.86915905446188,Pasture
27,2015,GLU102,0.180651575932648,0.819348424067352,RockIceDesert
27,2015,GLU102,0.114285236230567,0.885714763769433,Shrubland
27,2015,GLU110,0.227130120311288,0.772869879688712,Forest
27,2015,GLU110,0.257418585797236,0.742581414202764,Grassland
27,2015,GLU110,0.264123369296462,0.735876630703538,Pasture
27,2015,GLU110,0.969812947970629,0.0301870520293714,RockIceDesert
27,2015,GLU110,0.54550227518923,0.45449772481077,Shrubland
27,2015,GLU110,0.920069057741198,0.0799309422588017,Tundra
27,2015,GLU116,0.145070617440439,0.854929382559561,Forest
27,2015,GLU116,0.12487190135259,0.87512809864741,Grassland
27,2015,GLU116,0.115491396040113,0.884508603959887,Pasture
27,2015,GLU154,0.329533650872241,0.670466349127758,Forest
27,2015,GLU154,0.394936083201041,0.605063916798959,Grassland
27,2015,GLU154,0.310223408731329,0.689776591268671,Pasture
28,2015,GLU065,0.227420664568323,0.772579335431677,Forest
28,2015,GLU065,0.266684363157307,0.733315636842693,Grassland
28,2015,GLU065,0.22720382055135,0.77279617944865,Pasture
28,2015,GLU065,0.227122318535688,0.772877681464312,Shrubland
29,2015,GLU037,0.13091292658104,0.86908707341896,Forest
29,2015,GLU037,0.314374431887621,0.685625568112379,Grassland
29,2015,GLU037,0.0292972806217624,0.970702719378238,Pasture
29,2015,GLU065,0.140604016383541,0.859395983616459,Forest
29,2015,GLU065,0.131619133890492,0.868380866109508,Grassland
29,2015,GLU065,0.302561330076935,0.697438669923065,Pasture
29,2015,GLU066,0.192945426478737,0.807054573521263,Forest
29,2015,GLU066,0.158949192477113,0.841050807522887,Grassland
29,2015,GLU066,0.297701480048065,0.702298519951935,Pasture
29,2015,GLU108,0.016706078792465,0.983293921207535,Forest
29,2015,GLU108,0.0149930378350081,0.985006962164992,Grassland
29,2015,GLU108,0.0106780902668927,0.989321909733107,Pasture
29,2015,GLU108,0.0129635897258087,0.987036410274191,Shrubland
29,2015,GLU109,0.0585091922093494,0.941490807790651,Forest
29,2015,GLU109,0.0974866892748949,0.902513310725105,Grassland
29,2015,GLU109,0.0732646577288195,0.92673534227118,Pasture
29,2015,GLU109,0.123219582129192,0.876780417870808,Shrubland
29,2015,GLU110,0.260086465977863,0.739913534022137,Forest
29,2015,GLU110,0.55574414603075,0.44425585396925,Grassland
29,2015,GLU110,0.0518638484183401,0.94813615158166,Pasture
29,2015,GLU110,0.938728369772434,0.0612716302275658,RockIceDesert
29,2015,GLU110,0.844577676324763,0.155422323675237,Tundra
29,2015,GLU112,0.0974516161697805,0.90254838383022,Forest
29,2015,GLU112,0.106531312912924,0.893468687087076,Grassland
29,2015,GLU112,0.157909876061253,0.842090123938747,Pasture
29,2015,GLU112,0.146308185898352,0.853691814101648,Shrubland
29,2015,GLU116,0.111991858391569,0.888008141608431,Forest
29,2015,GLU116,0.120186077881585,0.879813922118415,Grassland
29,2015,GLU116,0.123560950468091,0.876439049531909,Pasture
29,2015,GLU119,0.221931610409004,0.778068389590996,Forest
29,2015,GLU119,0.303427525506833,0.696572474493167,Grassland
29,2015,GLU119,0.197365730769196,0.802634269230804,Pasture
29,2015,GLU125,0.154987985063035,0.845012014936965,Forest
29,2015,GLU125,0.149393289079807,0.850606710920193,Grassland
29,2015,GLU125,0.0952323545271714,0.904767645472829,Pasture
29,2015,GLU125,0.241208603152595,0.758791396847405,RockIceDesert
29,2015,GLU125,0.204243687702409,0.795756312297591,Shrubland
29,2015,GLU126,0.109641162721835,0.890358837278165,Forest
29,2015,GLU126,0.0986322862823356,0.901367713717664,Grassland
29,2015,GLU126,0.0721650378296794,0.927834962170321,Pasture
29,2015,GLU126,0.425841509621478,0.574158490378522,RockIceDesert
29,2015,GLU126,0.133680558226253,0.866319441773747,Shrubland
29,2015,GLU127,0.0864838013998985,0.913516198600101,Forest
29,2015,GLU127,0.0514392574332883,0.948560742566712,Grassland
29,2015,GLU127,0.0244975814045403,0.97550241859546,Pasture
29,2015,GLU127,0.197394422936493,0.802605577063507,Shrubland
29,2015,GLU137,0.168774053898111,0.831225946101889,Forest
29,2015,GLU137,0.0801245552392253,0.919875444760775,Grassland
29,2015,GLU137,0.0629705118564827,0.937029488143517,Pasture
29,2015,GLU137,0.45372421189719,0.54627578810281,Shrubland
29,2015,GLU137,0.935837479565746,0.0641625204342542,Tundra
29,2015,GLU138,0.0485037600034589,0.951496239996541,Forest
29,2015,GLU138,0.0393990656944449,0.960600934305555,Grassland
29,2015,GLU138,0.0390135511140292,0.960986448885971,Pasture
29,2015,GLU138,0.0224830756928858,0.977516924307114,RockIceDesert
29,2015,GLU138,0.218901329628172,0.781098670371828,Shrubland
29,2015,GLU139,0.237813846127528,0.762186153872472,Forest
29,2015,GLU139,0.154177640314407,0.845822359685593,Grassland
29,2015,GLU139,0.10678437201041,0.89321562798959,Pasture
29,2015,GLU139,0.0752688050270081,0.924731194972992,RockIceDesert
29,2015,GLU139,0.140311723028331,0.859688276971669,Shrubland
29,2015,GLU146,0.248651705615251,0.751348294384749,Forest
29,2015,GLU146,0.216949089719081,0.783050910280919,Grassland
29,2015,GLU146,0.0766620232741466,0.923337976725853,Pasture
29,2015,GLU146,0.310136430020447,0.689863569979553,RockIceDesert
29,2015,GLU146,0.289159336371491,0.710840663628509,Shrubland
29,2015,GLU148,0.276078200991813,0.723921799008187,Forest
29,2015,GLU148,0.145574231391378,0.854425768608622,Grassland
29,2015,GLU148,0.182316143715306,0.817683856284694,Pasture
29,2015,GLU148,0.267667739733403,0.732332260266597,Shrubland
29,2015,GLU158,0.426882863044739,0.573117136955261,Forest
29,2015,GLU158,0.426882863044739,0.573117136955261,Pasture
29,2015,GLU159,0.102799123067214,0.897200876932786,Forest
29,2015,GLU159,0.169859316343877,0.830140683656122,Grassland
29,2015,GLU159,0.0779740645044479,0.922025935495552,Pasture
29,2015,GLU165,0.0646964927754254,0.935303507224575,Forest
29,2015,GLU165,0.0100931310250983,0.989906868974902,Pasture
29,2015,GLU167,0.073917923206198,0.926082076793802,Forest
29,2015,GLU167,0.0559571001067857,0.944042899893214,Grassland
29,2015,GLU167,0.071151358118645,0.928848641881355,Pasture
29,2015,GLU173,0.106689793582747,0.893310206417253,Forest
29,2015,GLU173,0.223308180153042,0.776691819846958,Grassland
29,2015,GLU173,0.15199525914076,0.84800474085924,Pasture
29,2015,GLU175,0.119738062528905,0.880261937471095,Forest
29,2015,GLU175,0.0421349591274256,0.957865040872574,Grassland
29,2015,GLU175,0.125556480306609,0.87444351969339,Pasture
29,2015,GLU176,0.152954746396841,0.847045253603159,Forest
29,2015,GLU176,0.153455211060194,0.846544788939806,Grassland
29,2015,GLU176,0.201505488977028,0.798494511022972,Pasture
29,2015,GLU178,0.0466726322138311,0.953327367786169,Forest
29,2015,GLU178,0.218880224778263,0.781119775221737,Grassland
29,2015,GLU178,0.0654426449126793,0.934557355087321,Pasture
29,2015,GLU181,0.0733358250542986,0.926664174945701,Forest
29,2015,GLU181,0.293411408300639,0.706588591699361,Grassland
29,2015,GLU181,0.143081114513257,0.856918885486743,Pasture
29,2015,GLU185,0.241553462367727,0.758446537632273,Forest
29,2015,GLU185,0.0870205086354127,0.912979491364587,Grassland
29,2015,GLU185,0.0849405604689459,0.915059439531054,Pasture
30,2015,GLU078,0.425403118133545,0.574596881866455,Forest
30,2015,GLU078,0.425403118133545,0.574596881866455,Pasture
30,2015,GLU103,0.394739780896304,0.605260219103696,Forest
30,2015,GLU103,0.299771179202335,0.700228820797665,Grassland
30,2015,GLU103,0.253785970203512,0.746214029796488,Pasture
30,2015,GLU103,0.520683893201363,0.479316106798637,Shrubland
31,2015,GLU169,0.703166952959123,0.296833047040877,Forest
31,2015,GLU169,0.718172638857187,0.281827361142813,Grassland
31,2015,GLU169,0.650454907493026,0.349545092506974,Pasture
31,2015,GLU169,0.949556165174376,0.0504438348256239,RockIceDesert
31,2015,GLU169,0.42230655166056,0.57769344833944,Shrubland
31,2015,GLU169,0.410380929683154,0.589619070316846,Tundra
31,2015,GLU200,0.767191289361074,0.232808710638926,Grassland
31,2015,GLU200,0.825687779308127,0.174312220691873,Pasture
31,2015,GLU200,0.96249323503857,0.0375067649614295,RockIceDesert
31,2015,GLU200,0.189154936342427,0.810845063657573,Tundra
31,2015,GLU203,0.12371397403549,0.87628602596451,Forest
31,2015,GLU203,0.0695943335668516,0.930405666433148,Grassland
31,2015,GLU203,0.094707173990228,0.905292826009772,Pasture
31,2015,GLU203,0.606844026862579,0.393155973137421,RockIceDesert
31,2015,GLU203,0.0942466909725452,0.905753309027455,Shrubland
31,2015,GLU203,0.186094972827537,0.813905027172463,Tundra
31,2015,GLU205,0.190127596543884,0.809872403456116,Forest
31,2015,GLU205,0.421294998535613,0.578705001464387,Grassland
31,2015,GLU205,0.199238398146306,0.800761601853694,Pasture
31,2015,GLU205,0.6642138903817,0.3357861096183,RockIceDesert
31,2015,GLU205,0.0951971315249965,0.904802868475004,Shrubland
31,2015,GLU206,0.100999673074577,0.899000326925423,Forest
31,2015,GLU206,0.0888689944626147,0.911131005537385,Grassland
31,2015,GLU206,0.072684889524202,0.927315110475798,Pasture
31,2015,GLU206,0.391141831256323,0.608858168743677,RockIceDesert
31,2015,GLU206,0.0408838820615158,0.959116117938484,Shrubland
31,2015,GLU206,0.518159519475945,0.481840480524055,Tundra
31,2015,GLU207,0.99909297941508,0.000907020584920537,Pasture
31,2015,GLU207,0.999176458877164,0.000823541122836224,RockIceDesert
31,2015,GLU207,0.998699271585792,0.00130072841420759,Tundra
31,2015,GLU209,0.128726971825098,0.871273028174902,Forest
31,2015,GLU209,0.0307571906304498,0.96924280936955,Grassland
31,2015,GLU209,0.0242210398349841,0.975778960165016,Pasture
31,2015,GLU209,0.00779459266833286,0.992205407331667,Shrubland
31,2015,GLU210,0.0439345756002227,0.956065424399777,Grassland
31,2015,GLU210,0.0414759407809197,0.95852405921908,Pasture
31,2015,GLU210,0.0231520977405312,0.976847902259469,Shrubland
31,2015,GLU210,0.204994797706604,0.795005202293396,Tundra
31,2015,GLU212,0.547129858183728,0.452870141816272,Forest
31,2015,GLU212,0.627932679513326,0.372067320486674,Grassland
31,2015,GLU212,0.555319160034664,0.444680839965336,Pasture
31,2015,GLU212,0.958022466102463,0.0419775338975372,RockIceDesert
31,2015,GLU212,0.18657369121146,0.81342630878854,Shrubland
31,2015,GLU212,0.872532546652595,0.127467453347405,Tundra
31,2015,GLU213,0.564928540774306,0.435071459225694,Forest
31,2015,GLU213,0.764776395729943,0.235223604270057,Grassland
31,2015,GLU213,0.632839506339194,0.367160493660806,Pasture
31,2015,GLU213,0.789911540490508,0.210088459509492,RockIceDesert
31,2015,GLU213,0.374673842688917,0.625326157311083,Shrubland
31,2015,GLU213,0.619286823139886,0.380713176860114,Tundra
31,2015,GLU214,0.995769005543073,0.00423099445692721,Forest
31,2015,GLU214,0.989223434924575,0.0107765650754247,Grassland
31,2015,GLU214,0.986453906508541,0.0135460934914593,Pasture
31,2015,GLU214,0.998342696189705,0.00165730381029461,RockIceDesert
31,2015,GLU214,0.916474097441887,0.0835259025581134,Shrubland
31,2015,GLU215,0.81041813411144,0.18958186588856,Forest
31,2015,GLU215,0.972748852018045,0.0272511479819553,Grassland
31,2015,GLU215,0.957435558002819,0.0425644419971807,Pasture
31,2015,GLU215,0.99089372553066,0.00910627446934043,RockIceDesert
31,2015,GLU215,0.724400336191594,0.275599663808406,Shrubland
31,2015,GLU215,0.156010575849905,0.843989424150095,Tundra
32,2015,GLU143,0.178422495728719,0.821577504271281,Forest
32,2015,GLU143,0.23227654570517,0.76772345429483,Grassland
32,2015,GLU143,0.109260105721154,0.890739894278846,Pasture
32,2015,GLU143,0.108478419697357,0.891521580302643,RockIceDesert
32,2015,GLU143,0.203467209347113,0.796532790652887,Shrubland
32,2015,GLU143,0.127009756035462,0.872990243964538,Tundra
32,2015,GLU156,0.176372952074359,0.823627047925641,Forest
32,2015,GLU156,0.207740914025787,0.792259085974213,Grassland
32,2015,GLU156,0.155794123445787,0.844205876554213,Pasture
32,2015,GLU156,0.693733745606153,0.306266254393847,Shrubland
32,2015,GLU156,0.746032081183708,0.253967918816292,Tundra
32,2015,GLU157,0.141020105411488,0.858979894588512,Forest
32,2015,GLU157,0.144701771482688,0.855298228517312,Grassland
32,2015,GLU157,0.13837929910712,0.86162070089288,Pasture
32,2015,GLU157,0.356936264467819,0.643063735532181,Shrubland
32,2015,GLU157,0.0630693055215833,0.936930694478417,Tundra
32,2015,GLU166,0.199518129635789,0.800481870364211,Forest
32,2015,GLU166,0.311055158081468,0.688944841918532,Grassland
32,2015,GLU166,0.198022130690976,0.801977869309024,Pasture
32,2015,GLU166,0.648320823907852,0.351679176092148,RockIceDesert
32,2015,GLU166,0.190991934432562,0.809008065567438,Shrubland
32,2015,GLU166,0.501206863585449,0.498793136414551,Tundra
32,2015,GLU168,0.224661893890108,0.775338106109892,Forest
32,2015,GLU168,0.303766167437602,0.696233832562398,Grassland
32,2015,GLU168,0.0598937796921791,0.940106220307821,Pasture
32,2015,GLU168,0,1,Shrubland
32,2015,GLU168,0.343856951338139,0.656143048661861,Tundra
