Units,scenario,region,subsector,output,2020,2025,2030,2035,2040,2045,2050,2055,2060,2065,2070,2075,2080,2085,2090,2095,2100
EJ,30perc,Africa_Eastern,biomass,electricity,0.00443457,0.01233488,0.03217695,0.06463490000000001,0.1155959,0.1882493,0.2816751,0.401225,0.552577,0.73688,0.9433710000000001,1.170571,1.406322,1.653759,1.891188,2.129736,2.373476
EJ,30perc,Africa_Northern,biomass,electricity,0.00210262,0.0050594509999999995,0.010386929999999999,0.01735718,0.024589180000000002,0.03149282,0.0383406,0.045714399999999995,0.055920300000000006,0.0719821,0.0887154,0.1089322,0.1308707,0.155422,0.18279800000000002,0.2107311,0.2397694
EJ,30perc,Africa_Southern,biomass,electricity,5.0762e-4,9.403678000000001e-4,0.0020591150000000003,0.003977423,0.00697561,0.01143623,0.01810108,0.02810024,0.042818999999999996,0.06347130000000001,0.09240140000000001,0.1300767,0.1749476,0.2269929,0.2857325,0.35140899999999997,0.40546099999999996
EJ,30perc,Africa_Western,biomass,electricity,0.00119052,0.003261277,0.01221466,0.02630872,0.0475058,0.0768539,0.1180833,0.1756926,0.25673429999999997,0.362074,0.494652,0.653349,0.8338840000000001,1.042592,1.272548,1.528956,1.819576
EJ,30perc,Argentina,biomass,electricity,0.00777142,0.01063733,0.01311384,0.015488410000000001,0.01694683,0.01788722,0.01903121,0.02035329,0.02204694,0.02438481,0.02768184,0.0309392,0.0340517,0.036788600000000005,0.0393738,0.042360400000000006,0.045905299999999996
EJ,30perc,Australia_NZ,biomass,electricity,0.00206727,0.0035571929999999997,0.006129873,0.00978652,0.01407981,0.01967156,0.02378375,0.02797263,0.03248513,0.0371456,0.041762099999999996,0.047516600000000006,0.0543158,0.060017299999999996,0.0659231,0.0704129,0.0746246
EJ,30perc,Brazil,biomass,electricity,0.0025711,0.005212704,0.01045361,0.01812504,0.02709112,0.03561147,0.042463900000000006,0.0508004,0.062012700000000004,0.0750623,0.090966,0.10836370000000001,0.12530180000000002,0.14276350000000002,0.1595159,0.1743391,0.18945689999999998
EJ,30perc,Canada,biomass,electricity,0.045466,0.05416033,0.06429914,0.07441972,0.08271471,0.0916759,0.0979733,0.1046169,0.1118771,0.12029409999999999,0.1291417,0.13909660000000001,0.1501194,0.1590918,0.1680379,0.1742182,0.1795267
EJ,30perc,Central America and Caribbean,biomass,electricity,0.0229568,0.04209639,0.06707961999999999,0.095464,0.12289359999999999,0.1482571,0.1753137,0.20410730000000002,0.2368964,0.2706886,0.304097,0.33785560000000003,0.36096799999999996,0.384003,0.40274299999999996,0.41805499999999995,0.433573
EJ,30perc,Central Asia,biomass,electricity,0.00210125,0.00401599,0.006904759999999999,0.0101365,0.01320719,0.015209980000000001,0.01658034,0.01790537,0.02008476,0.02653133,0.03233688,0.0389551,0.0481877,0.0561151,0.0640445,0.0732814,0.080402
EJ,30perc,China,biomass,electricity,0.265649,0.3732369,0.4643523,0.5467217,0.6111956,0.684418,0.734028,0.78266,0.8320770000000001,0.875915,0.9147479999999999,0.973594,1.10762,1.199026,1.248075,1.260854,1.265701
EJ,30perc,Colombia,biomass,electricity,0.0058813,0.008302668,0.01126412,0.01473178,0.01810213,0.02112897,0.02428451,0.02776016,0.03189381,0.037032419999999996,0.0428224,0.0485421,0.0541456,0.0590798,0.0635783,0.06801360000000001,0.0726173
EJ,30perc,EU-12,biomass,electricity,0.0466136,0.059055540000000004,0.06874335000000001,0.07815211000000001,0.0855284,0.09214,0.0957662,0.0982848,0.10254949999999999,0.1100507,0.1162932,0.1229412,0.1348788,0.1406639,0.1461743,0.1503428,0.1532324
EJ,30perc,EU-15,biomass,electricity,0.244241,0.3921703,0.46994319999999995,0.5459399,0.6098447,0.714599,0.754638,0.795593,0.8591390000000001,0.9304239999999999,0.993853,1.081178,1.1508479999999999,1.189551,1.222385,1.235582,1.2536260000000001
EJ,30perc,Europe_Eastern,biomass,electricity,0.00128417,0.002865851,0.005647876,0.00900163,0.01269272,0.015896030000000002,0.01879661,0.02156146,0.025044479999999997,0.02974682,0.03437258,0.0406354,0.047943099999999995,0.05466,0.0618971,0.0692413,0.0763437
EJ,30perc,Europe_Non_EU,biomass,electricity,8.41167e-4,0.002704943,0.00594967,0.00985194,0.014035329999999999,0.01879649,0.02256455,0.02659739,0.03182112,0.0384223,0.0462671,0.0555787,0.0662088,0.07689979999999999,0.0887054,0.0996467,0.1111374
EJ,30perc,European Free Trade Association,biomass,electricity,0.0034014,0.01275976,0.02199643,0.03122866,0.03988034,0.047337580000000004,0.05476046,0.063049,0.0727421,0.0825925,0.091456,0.0993573,0.1056721,0.1078151,0.108682,0.10856110000000001,0.1077892
EJ,30perc,India,biomass,electricity,0.147932,0.329011,0.5317206,0.775779,1.016135,1.2376260000000001,1.450321,1.66411,1.877399,2.095984,2.317628,2.532242,2.764434,2.961616,3.11991,3.23826,3.35019
EJ,30perc,Indonesia,biomass,electricity,0.00422397,0.009381572999999999,0.01846938,0.03198313,0.04965314,0.0697323,0.0897215,0.10983029999999999,0.1305485,0.15360079999999998,0.17747649999999998,0.2045257,0.2374315,0.26889260000000004,0.3010471,0.330834,0.35951299999999997
EJ,30perc,Japan,biomass,electricity,0.114315,0.12276789,0.12675004,0.12738103,0.12655259,0.123824,0.1174483,0.1105848,0.1093473,0.1116809,0.11130949999999999,0.1097805,0.11180860000000001,0.1123439,0.1129878,0.1127749,0.10999809999999999
EJ,30perc,Mexico,biomass,electricity,0.0143934,0.03154664,0.05517623,0.0818053,0.10601569999999999,0.1282685,0.1450631,0.1597562,0.1755563,0.1905716,0.2055272,0.221129,0.23164269999999998,0.23875400000000002,0.2452273,0.2469765,0.2482931
EJ,30perc,Middle East,biomass,electricity,0.00270554,0.007769706,0.0196677,0.03609243,0.0545758,0.0716269,0.08558260000000001,0.09696110000000001,0.1113105,0.1280941,0.1467587,0.1732831,0.2040123,0.23521730000000002,0.268746,0.320177,0.376353
EJ,30perc,Pakistan,biomass,electricity,0.00571471,0.01125374,0.02453437,0.04469956,0.0745516,0.1226451,0.1705101,0.2166042,0.2546116,0.3065703,0.379748,0.47106899999999996,0.566683,0.664869,0.7582519999999999,0.85647,0.959885
EJ,30perc,Russia,biomass,electricity,0.00417727,0.008614561000000001,0.01698139,0.02693845,0.03664302,0.0403251,0.04221549,0.0439321,0.0492783,0.0640788,0.07494680000000001,0.08898500000000001,0.1077949,0.12439149999999999,0.1400968,0.15778999999999999,0.1713208
EJ,30perc,South Africa,biomass,electricity,9.36417e-4,0.002431905,0.00612486,0.0112614,0.01731559,0.02397952,0.030679079999999997,0.0378251,0.0465483,0.0552381,0.0637819,0.0736733,0.0823972,0.0917286,0.1029194,0.113036,0.1228675
EJ,30perc,South America_Northern,biomass,electricity,2.06296e-5,1.8331e-5,1.48627e-5,1.18907e-5,4.165584e-4,0.001425168,0.002381377,0.003347252,0.00450991,0.005577540000000001,0.0069220900000000005,0.00864863,0.01042702,0.01271986,0.0158998,0.01916792,0.02221294
EJ,30perc,South America_Southern,biomass,electricity,0.0119312,0.02585431,0.045946669999999995,0.0667326,0.0856974,0.1018534,0.1139039,0.1235725,0.1329117,0.1437912,0.1546126,0.1648092,0.1694969,0.17052099999999998,0.1669526,0.1613784,0.15545779999999998
EJ,30perc,South Asia,biomass,electricity,0.00228992,0.006914449,0.014100970000000001,0.02344545,0.03671749,0.0543235,0.076585,0.1040146,0.1387304,0.1803068,0.23142659999999998,0.2868757,0.346632,0.409778,0.47506000000000004,0.54037,0.604131
EJ,30perc,South Korea,biomass,electricity,0.00776994,0.010295626,0.013137649999999999,0.01662574,0.02016707,0.022930549999999997,0.0250815,0.02666962,0.029094590000000004,0.03125956,0.03302848,0.0360657,0.0423187,0.046861599999999996,0.0513362,0.0548677,0.0576306
EJ,30perc,Southeast Asia,biomass,electricity,0.0388523,0.07053984,0.1080414,0.1538364,0.2016422,0.2485384,0.2927922,0.3317241,0.3712289,0.417856,0.464725,0.516139,0.563007,0.599693,0.628003,0.651349,0.672278
EJ,30perc,Taiwan,biomass,electricity,0.0121329,0.016219545,0.02011702,0.02503179,0.0293364,0.03193695,0.03397007,0.03504884,0.037211100000000004,0.0417873,0.0451785,0.0491089,0.0525649,0.055345000000000005,0.057655200000000004,0.0593519,0.0604609
EJ,30perc,USA,biomass,electricity,0.153464,0.2114713,0.2647665,0.30948319999999996,0.3460072,0.39480950000000004,0.44835,0.48902399999999996,0.535488,0.6101800000000001,0.657393,0.7258560000000001,0.7299869999999999,0.7668189999999999,0.81657,0.880448,0.93434
EJ,30percnz,Africa_Eastern,biomass,electricity,0.00384472,0.5956878845977,0.63708684049,0.7165601319,0.7907252180000001,0.8763365485,0.9748519638,1.1172640309000001,1.2972966922,1.4986025934,1.7411818798999998,1.8697173019,2.0189769402,2.1911371227000003,2.429419035,2.6844875754,2.9577765388999997
EJ,30percnz,Africa_Northern,biomass,electricity,0.00289892,0.09629088156,0.16180760489,0.23901781249,0.32296757324000003,0.40447872321,0.4680647731,0.54502642997,0.63481249791,0.74123103453999994,0.90407141358,1.07655633804,1.222663140393,1.313776526912,1.410085560971,1.50223510149,1.61149524222
EJ,30percnz,Africa_Southern,biomass,electricity,3.43358e-4,0.302663013097,0,0,0.11960085599,0.20419749199999998,0.30032669702,0.34862706794,0.38831578647,0.42446609302,0.49854080512000004,0.57121114813,0.63711096102,0.57460787895,0.74541879532,0.9387376238599999,1.09642587755
EJ,30percnz,Africa_Western,biomass,electricity,1.62684e-5,1.223295312769447,0,0.6368353883094999,0.8425793340000001,1.1767874680000001,1.510569372,1.85410273,2.25056589682,2.66173019515,3.17524945797,3.4834751607,3.8041405552,3.897392692,4.4852472485999995,5.0206494909,5.6192368880000005
EJ,30percnz,Argentina,biomass,electricity,0.00685657,0.0356694417,0.0648946624,0.09495462610000001,0.1265254653,0.13851658167,0.12952204241999998,0.12710468739,0.1329626225,0.15018993798,0.17556648116,0.192768757044,0.195367473226,0.187794425101,0.182437239192,0.180265940584,0.178607152657
EJ,30percnz,Australia_NZ,biomass,electricity,0.00270871,0.02088529,0.057175662999999995,0.09538093660000001,0.13633757570000002,0.16589643765999998,0.17137327229,0.18370117233,0.21452256717999998,0.24850277838,0.289940677887,0.32802320779500005,0.350608184818,0.352890824018,0.35648433986,0.361422666854,0.368699142356
EJ,30percnz,Brazil,biomass,electricity,0.00188686,0.0166626687,0.0321137615,0.0469998434,0.063350159,0.0581056767,0.0483021362,0.04630712,0.0508677858,0.0601443863,0.069910811,0.0796485832,0.09914933501,0.11448269308,0.1280296292,0.1415214385,0.1570929541
EJ,30percnz,Canada,biomass,electricity,0.0634848,0.142766707,0.203489684,0.2732889531,0.3551131434,0.39291191119999996,0.39346138280000004,0.4037964274,0.4266439696,0.46444232450999995,0.51017368421,0.52766252536,0.52220532113,0.49363165555,0.47621224553999997,0.46243093520999995,0.44493322362000004
EJ,30percnz,Central America and Caribbean,biomass,electricity,0.0239274,0.3437170864,0.4206240012,0.5038081109,0.5829679284,0.6383169042000001,0.6300424262,0.6307317522,0.6530831613,0.6782745168000001,0.7286397208,0.7670909701,0.7848147356199999,0.75394363298,0.76406456447,0.77012385956,0.78364330215
EJ,30percnz,Central Asia,biomass,electricity,0.00171733,0.0582913131,0.0884456885,0.12417837146999999,0.174139471,0.212282701989,0.250310626184,0.288626305825,0.318394420506,0.343352607955,0.398956850971,0.433652225261,0.4744095662179,0.5211416245780001,0.5628923563599,0.5985740939738,0.6503562743768
EJ,30percnz,China,biomass,electricity,0.276028,1.25414429,1.9463161,2.72250989,3.56772448,4.385208405,5.136369261,5.8682397139999996,6.2194173589,6.2848406937,6.395152464300001,6.579087318,6.7380591718,6.762771842109999,6.82859871639,6.595180113890001,6.26702715928
EJ,30percnz,Colombia,biomass,electricity,0.0054389,0.014696948,0.031464432,0.048980894,0.0666680426,0.0834016835,0.10173903966999999,0.11269005207999999,0.12339154957000001,0.1355794982,0.15015351622,0.17415111375,0.18804363091999998,0.19655886844,0.2008622523,0.20327727237,0.20730265139999998
EJ,30percnz,EU-12,biomass,electricity,0.0680283,0.154212262,0.21786170200000002,0.281759219,0.3637173165,0.4020129553,0.3622121204,0.3363051728,0.3423834074,0.3687933545,0.40179764879999996,0.4125940615,0.42731132089999996,0.41480037006000003,0.39429889593,0.37330576733,0.34525152473000004
EJ,30percnz,EU-15,biomass,electricity,0.324322,0.92897964,1.27039479,1.6381929069999999,2.075756136,2.2970047929999997,2.016134715,1.8810116220000002,1.922760764,2.090379653,2.331993305,2.383241012,2.4048762458,2.3376577601,2.263956077,2.1809937078,2.0733425709
EJ,30percnz,Europe_Eastern,biomass,electricity,0.00150656,0.0609058216,0.0829710662,0.10819320115,0.13539015647,0.15528600357,0.17459496319200002,0.20056154143,0.221983190194,0.245735325192,0.274499419438,0.292172487491,0.309536297912,0.308800133092,0.323984301446,0.333550307087,0.338653116995
EJ,30percnz,Europe_Non_EU,biomass,electricity,0.00105262,0.0287008598,0.055622485299999996,0.08114226999999999,0.1122610792,0.1428910936,0.17747515363,0.22537127533999998,0.26168011,0.28990283806,0.31718227674,0.33661626026,0.366886605164,0.399657485,0.42929015159,0.45613341364,0.48060594217
EJ,30percnz,European Free Trade Association,biomass,electricity,0.00372304,0.055019466899999994,0.06319298500000001,0.08270522999999999,0.10666082810000001,0.1250492339,0.1307713183,0.135435324,0.14491532910000002,0.1512833546,0.1584939597,0.18010745145999998,0.18505192588,0.16239164656,0.15944261765,0.15349359421,0.14680211965
EJ,30percnz,India,biomass,electricity,0.275641,1.49166774,2.3573524,3.40305223,4.58784015,5.73492936,6.95295727,7.44782641,7.947800584,8.490501587,9.141441991,9.849525100000001,10.451082117699999,10.8437298411,11.0054109559,11.0026141314,10.968793916100001
EJ,30percnz,Indonesia,biomass,electricity,0.00403627,0.02544952,0.047344928999999994,0.071136809,0.111362934,0.163716145,0.255905673,0.327054353,0.39069322100000003,0.4566791661,0.5214982015999999,0.5565270735,0.6150242994999999,0.673451292,0.716308852,0.7469547456,0.7764911601
EJ,30percnz,Japan,biomass,electricity,0.12336,0.325501217,0.424364089,0.467930566,0.4919222218,0.477145527,0.3981050276,0.3902980305,0.4158743185,0.43090692719999996,0.4165810868,0.4215827539,0.4158806451,0.32065349849,0.25844419763,0.21978867162,0.1919760785
EJ,30percnz,Mexico,biomass,electricity,0.0204202,0.205077506,0.39838651799999997,0.57780522,0.7486356281,0.7811640120000001,0.7775037354000001,0.7944978865,0.8200741984000001,0.8447679567,0.8667020053,0.8538291776,0.8493980802700001,0.85079276359,0.83967167519,0.79798811961,0.7613193991299999
EJ,30percnz,Middle East,biomass,electricity,0.00187476,0.1216990965,0.1754229194,0.27628187249999997,0.39463544083,0.461503852,0.53893693407,0.66767116748,0.81278269428,0.98894068388,1.2619006247000002,1.49076215155,1.66085837345,1.7876757336000002,1.95867232532,2.1167602595900004,2.30415437812
EJ,30percnz,Pakistan,biomass,electricity,0.00991269,0.21235121378000002,0.28179846136000003,0.3915046062,0.5630600329,0.7448605005000001,0.8194147981400001,0.9172940354,1.11531812225,1.33410804734,1.58671756968,1.7894970111000001,1.9402712261500001,2.05954445411,2.25055538731,2.41151179122,2.5648142034
EJ,30percnz,Russia,biomass,electricity,0.0126171,0.040599144,0.070891807,0.10704669,0.151200659,0.18893519179999999,0.2310776635,0.28085779683,0.34417350671,0.40514861914,0.47134578101999997,0.50848435675,0.56967905487,0.6283209463,0.678550833277,0.736482988699,0.807630871425
EJ,30percnz,South Africa,biomass,electricity,0.0017076700000000001,0.012273769,0.02559985,0.03665806,0.062645139,0.1237829818,0.207012366,0.2243480025,0.22314931770000002,0.2316873417,0.24581469649999999,0.26590952302,0.29535201006,0.32749360863,0.35072102723,0.36025006035,0.36950140690000005
EJ,30percnz,South America_Northern,biomass,electricity,5.27731e-6,0.381084,0.042110401324749996,0.02423260123608,0.031611600958082,0.044958500587320996,0.088356900317082,0.166987000224608,0.225275000104258,0.268909,0.362897,0.40083303780575,0.43099089358522,0.08845927238038799,0.147617302937092,0.155422800956983,0.175785502713681
EJ,30percnz,South America_Southern,biomass,electricity,0.00621889,0.34532417807,0.34386837838,0.39237165872999996,0.46762124728000004,0.5034986678,0.5532211647999999,0.62473185708,0.67830252365,0.72169585855,0.7724997365999999,0.80720188766,0.82986440118,0.659771618433,0.704838744402,0.709706904391,0.686870642562
EJ,30percnz,South Asia,biomass,electricity,0.00473279,0.187586582319,0.22501029916999998,0.28841700330000003,0.37061223369,0.4514221752,0.53913497076,0.6341477709300001,0.73747133467,0.87601869093,1.01662721545,1.1280679128,1.23765825336,1.32259851633,1.45575574143,1.5810370527400002,1.72092465634
EJ,30percnz,South Korea,biomass,electricity,0.00784204,0.011571610999999999,0.011473404999999999,0.01115684,0.019877304,0.029166748,0.0372265475,0.030054619199999997,0.0220778903,0.0208535987,0.02099155318,0.03565758022,0.04761890337,0.05977525365,0.07192436432,0.07986549342,0.084755828019999993
EJ,30percnz,Southeast Asia,biomass,electricity,0.0514403,0.749931587,1.0567417590000001,1.383342675,1.7720828954999999,2.0521038269,2.3184577203999996,2.4378077562,2.6057291451999998,2.7618272799000003,2.8898846596,2.9101791623,2.9637433929,2.8688821589,2.8125879665,2.7531831789,2.6734247093
EJ,30percnz,Taiwan,biomass,electricity,0.0127665,0.034311097,0.06903375,0.11188796599999999,0.162228508,0.139980304,0.081388315,0.0612516217,0.053695237599999994,0.0505743961,0.0513271388,0.0542694385,0.05458603028,0.05351996314,0.0507471792,0.0487928398,0.0475639215
EJ,30percnz,USA,biomass,electricity,0.362821,0.7779297199999999,1.05370733,1.3815414099999999,1.792830443,2.1899591810000003,2.6898693513,2.8500839822,2.7938161029999997,2.7491725875,2.8907739336,3.0087261532,3.2084862842,3.28719467257,3.2765143931300003,3.2526308647,3.2284718413199998
EJ,allansce1,Africa_Eastern,biomass,electricity,0.00443596,0.01232822,0.03217322,0.064625,0.1155428,0.18821559999999998,0.2817117,0.40145400000000003,0.55284,0.737461,0.944183,1.171518,1.407468,1.6547749999999999,1.892376,2.130426,2.374331
EJ,allansce1,Africa_Northern,biomass,electricity,0.00210268,0.005056821,0.01037663,0.0173321,0.02454953,0.03142542,0.038258799999999996,0.0456349,0.055837700000000004,0.0718871,0.08863950000000001,0.10881860000000002,0.1306832,0.1552091,0.1825047,0.2103256,0.2394273
EJ,allansce1,Africa_Southern,biomass,electricity,5.0752e-4,9.403444e-4,0.002058499,0.0039760590000000005,0.00697273,0.01142807,0.018089479999999998,0.02808591,0.042802099999999996,0.0634488,0.0923692,0.1300346,0.1748866,0.2268946,0.2855826,0.35122699999999996,0.405139
EJ,allansce1,Africa_Western,biomass,electricity,0.00119053,0.003261764,0.01222441,0.02634565,0.047544,0.076946,0.1182203,0.1759565,0.2571755,0.362737,0.49567000000000005,0.65499,0.836164,1.04537,1.27593,1.532307,1.822937
EJ,allansce1,Argentina,biomass,electricity,0.00777195,0.010638332,0.01311828,0.01549496,0.01695313,0.01788948,0.01903894,0.020375169999999998,0.02207768,0.024423599999999997,0.02773288,0.0309986,0.0341126,0.0368483,0.0394344,0.0424118,0.045943700000000004
EJ,allansce1,Australia_NZ,biomass,electricity,0.00206715,0.003553815,0.006117688,0.00976328,0.01403833,0.01960795,0.023703270000000002,0.027885319999999998,0.03237185,0.0370275,0.0416274,0.0473697,0.0541456,0.059818500000000004,0.0657192,0.0701841,0.0743653
EJ,allansce1,Brazil,biomass,electricity,0.00257115,0.005209162,0.010440439999999999,0.01809587,0.02703773,0.03552631,0.0423556,0.0506769,0.061859,0.0748809,0.0907548,0.1081123,0.1250042,0.14242090000000002,0.1591296,0.1738991,0.1889538
EJ,allansce1,Canada,biomass,electricity,0.045459,0.053847679999999995,0.06364312,0.07337700000000001,0.08118341999999999,0.0895393,0.0953833,0.1016021,0.10833630000000001,0.11622260000000001,0.1245616,0.1340182,0.14467000000000002,0.1534423,0.1623436,0.1685119,0.1738568
EJ,allansce1,Central America and Caribbean,biomass,electricity,0.0229521,0.04204137,0.0669559,0.09527139999999999,0.1226292,0.1479031,0.1748775,0.203592,0.2362689,0.2698882,0.30316750000000003,0.33679370000000003,0.359812,0.382758,0.401432,0.41667899999999997,0.43220100000000006
EJ,allansce1,Central Asia,biomass,electricity,0.00210137,0.004016787,0.00690578,0.01013779,0.01320091,0.01519933,0.016570269999999998,0.017907859999999998,0.02009285,0.02654714,0.03235946,0.0389617,0.0482138,0.056139999999999995,0.0640705,0.0732887,0.0804048
EJ,allansce1,China,biomass,electricity,0.265702,0.37336189999999997,0.4646181,0.5470511,0.6115687000000001,0.684515,0.734191,0.783066,0.832441,0.876346,0.9152669999999999,0.974029,1.107949,1.199242,1.247935,1.260403,1.264975
EJ,allansce1,Colombia,biomass,electricity,0.00588132,0.008301821999999999,0.01126187,0.014727579999999999,0.01809421,0.02111714,0.02427105,0.027751320000000003,0.03188618,0.03702823,0.0428223,0.0485429,0.054143399999999994,0.0590738,0.0635684,0.0679945,0.07258490000000001
EJ,allansce1,EU-12,biomass,electricity,0.0466075,0.05900602,0.06866888,0.07804855000000001,0.085381,0.0919407,0.095538,0.0980633,0.10231480000000001,0.109814,0.1160439,0.1226775,0.1345978,0.1403779,0.145894,0.15006730000000001,0.1529464
EJ,allansce1,EU-15,biomass,electricity,0.244154,0.3919132,0.4695003,0.5453124,0.6090161999999999,0.7133729999999999,0.753344,0.794234,0.857633,0.92902,0.99241,1.079672,1.149354,1.187907,1.220674,1.234722,1.250647
EJ,allansce1,Europe_Eastern,biomass,electricity,0.00128432,0.0028725849999999995,0.00566503,0.00903135,0.01273655,0.015947,0.01885893,0.02164422,0.02514396,0.029864929999999998,0.03450812,0.0407884,0.048112,0.054839399999999996,0.062084,0.0694301,0.0765293
EJ,allansce1,Europe_Non_EU,biomass,electricity,8.41164e-4,0.002709424,0.005963189999999999,0.00987625,0.01407315,0.01884655,0.022625489999999998,0.02668243,0.03192976,0.0385546,0.0464414,0.055780300000000005,0.06644320000000001,0.0771519,0.088981,0.0999311,0.11142339999999999
EJ,allansce1,European Free Trade Association,biomass,electricity,0.0033984,0.012788363,0.02207458,0.03135955,0.04007214,0.0475994,0.0551043,0.0634862,0.07329770000000001,0.083276,0.0922627,0.1002724,0.1066647,0.10883759999999999,0.1097188,0.1096013,0.1088133
EJ,allansce1,India,biomass,electricity,0.147969,0.3289859,0.5315037,0.77526,1.015184,1.236724,1.449254,1.663418,1.8768569999999998,2.096481,2.319302,2.53414,2.766746,2.963778,3.1222,3.24029,3.3514999999999997
EJ,allansce1,Indonesia,biomass,electricity,0.00422392,0.00937523,0.01845486,0.031956200000000004,0.04960602,0.0696598,0.08963349999999999,0.109746,0.1304613,0.1535105,0.1773881,0.2044316,0.2373208,0.2687652,0.3009023,0.330661,0.359296
EJ,allansce1,Japan,biomass,electricity,0.114312,0.12246337,0.12630255,0.1268373,0.12569696,0.12262890000000001,0.1159967,0.108913,0.1074314,0.1095349,0.10901830000000001,0.1073553,0.1093923,0.1099573,0.11070289999999999,0.1105582,0.1079553
EJ,allansce1,Mexico,biomass,electricity,0.0143933,0.03129374,0.05464959,0.0809854,0.1048824,0.1268374,0.14344780000000001,0.1580206,0.1736738,0.1885425,0.2033664,0.2188533,0.2292419,0.23635849999999997,0.2428924,0.2446974,0.24601869999999998
EJ,allansce1,Middle East,biomass,electricity,0.00270395,0.007762357,0.019651050000000003,0.03606021,0.0545215,0.07153369999999999,0.0854722,0.0968571,0.11123179999999999,0.1280372,0.1467891,0.1732203,0.2040538,0.23527350000000002,0.268825,0.320206,0.376115
EJ,allansce1,Pakistan,biomass,electricity,0.0057145,0.01124251,0.02449472,0.04460499,0.0744487,0.1221153,0.1698905,0.2160101,0.2551958,0.3065235,0.38044,0.470937,0.566297,0.664592,0.758543,0.856239,0.959989
EJ,allansce1,Russia,biomass,electricity,0.00417732,0.008604532000000002,0.01695472,0.02688931,0.03656274,0.04021810000000001,0.04210465,0.043839100000000006,0.0491867,0.0639884,0.0748596,0.0888912,0.1076827,0.1242617,0.1399578,0.1576332,0.1711402
EJ,allansce1,South Africa,biomass,electricity,9.36401e-4,0.002430204,0.00611873,0.01124788,0.01728675,0.02393616,0.03062711,0.037780400000000006,0.0464947,0.0551797,0.0637267,0.07360219999999999,0.0823168,0.091639,0.1028141,0.11283409999999999,0.1227048
EJ,allansce1,South America_Northern,biomass,electricity,2.06376e-5,1.73749e-5,1.37835e-5,1.092e-5,4.052416e-4,0.0013869339999999998,0.002310854,0.003239454,0.00435736,0.00537972,0.00667349,0.00833214,0.010033199999999999,0.012234890000000002,0.015307170000000002,0.01846124,0.02142476
EJ,allansce1,South America_Southern,biomass,electricity,0.0119305,0.02582699,0.045887080000000004,0.0666334,0.08554490000000001,0.10165120000000001,0.1136628,0.1233185,0.1326254,0.14348660000000002,0.1542905,0.1644594,0.1691229,0.1701349,0.16657349999999999,0.1609947,0.15506720000000002
EJ,allansce1,South Asia,biomass,electricity,0.00229016,0.006911171,0.01409154,0.02342763,0.036670470000000004,0.0542433,0.0764518,0.1038814,0.1385134,0.1801798,0.2313148,0.2867355,0.34636999999999996,0.40958300000000003,0.47479299999999997,0.5402199999999999,0.60387
EJ,allansce1,South Korea,biomass,electricity,0.00777033,0.010294874999999998,0.013134719999999999,0.01661816,0.02014751,0.02289927,0.025042550000000004,0.02662859,0.029051169999999998,0.03121589,0.03298289,0.0360163,0.0422629,0.0467988,0.0512706,0.054795800000000006,0.057549600000000006
EJ,allansce1,Southeast Asia,biomass,electricity,0.0388516,0.07057923999999999,0.10819859999999999,0.1540348,0.20175880000000002,0.24861850000000002,0.2929103,0.33191839999999995,0.3714965,0.418227,0.465182,0.51665,0.563528,0.60019,0.62845,0.65169,0.6724870000000001
EJ,allansce1,Taiwan,biomass,electricity,0.0121321,0.016210459,0.02010006,0.02500269,0.02928502,0.031864,0.03389204,0.0349778,0.03713391,0.0417048,0.0450922,0.0490141,0.0524632,0.0552355,0.0575406,0.059230099999999994,0.0603325
EJ,allansce1,USA,biomass,electricity,0.153477,0.211839,0.26521900000000004,0.31000229999999995,0.34659629999999997,0.395568,0.44916700000000004,0.49024399999999996,0.536995,0.612117,0.6597189999999999,0.728513,0.7325699999999999,0.76937,0.819034,0.882828,0.936524
EJ,allansce1nz,Africa_Eastern,biomass,electricity,0.00384693,0.5961237814781,0.63704108842,0.7173524753999999,0.7920235529999999,0.8779177943,0.9771959932,1.1205233521,1.3022637059000002,1.5043636518999999,1.7476649175,1.876948236,2.0264485561999996,2.1979609429,2.4372740966,2.6931342719,2.9668734674
EJ,allansce1nz,Africa_Northern,biomass,electricity,0.00289902,0.09629330413,0.16177975881,0.23881466374,0.32275049521,0.40434102177,0.46820736170000005,0.5455063449399999,0.63558997434,0.7422663347,0.9056166277400001,1.0782455607,1.224597325895,1.315763715269,1.41237275105,1.5049473152200001,1.6142804532600001
EJ,allansce1nz,Africa_Southern,biomass,electricity,3.43296e-4,0.302582992481,0,0,0.11956096816999999,0.2044325911,0.3005547287,0.34861574161,0.38843820055,0.42499274645,0.49909078774000004,0.5722890848200001,0.6384575178199999,0.57491672725,0.74603093576,0.9396468279,1.0979121591
EJ,allansce1nz,Africa_Western,biomass,electricity,1.63173e-5,1.225975268236689,0,0.6374063309179,0.844874265,1.178640016,1.5125453319,1.8563589791000001,2.25293591139,2.665138298,3.17876289894,3.4886648018999997,3.8098854618,3.8985250648,4.4889515702,5.0271252325,5.6266236755
EJ,allansce1nz,Argentina,biomass,electricity,0.00685881,0.0356772597,0.064950177,0.0950560921,0.12673620834,0.13883452827999998,0.13054241444,0.12852375116,0.13443960819,0.15176043261,0.17705672433,0.19420327612899999,0.196868965465,0.189220630589,0.18384222517600002,0.181505010389,0.17967750310299999
EJ,allansce1nz,Australia_NZ,biomass,electricity,0.00269717,0.020773012,0.057041743000000006,0.0951732575,0.1360998228,0.16574451092,0.17169564335,0.18443194941000002,0.21507323085,0.24892170044,0.290396572133,0.328586991124,0.351534056572,0.354131961672,0.357776449678,0.362513733517,0.369664189019
EJ,allansce1nz,Brazil,biomass,electricity,0.0018868,0.0165371258,0.031929395,0.0467340142,0.0630158468,0.057985063100000005,0.0483418807,0.046404522499999996,0.0510731939,0.0604908012,0.0704398517,0.08083608910000001,0.10080063489,0.11591550988,0.12939871960000002,0.1429338358,0.1586543223
EJ,allansce1nz,Canada,biomass,electricity,0.0635266,0.141380906,0.200615365,0.270384423,0.3524723647,0.3904810008,0.39025966660000005,0.40025926889999996,0.42323911000000003,0.4616193762,0.50735715609,0.5251030639800001,0.5200419322800001,0.49200126066,0.47493068569,0.46194451287,0.44496488142
EJ,allansce1nz,Central America and Caribbean,biomass,electricity,0.0238632,0.3415395756,0.41867684510000003,0.5017116026,0.5802734281,0.6355330983999999,0.6273312529999999,0.62862344,0.6510888504,0.6763826315,0.7267424443,0.7650954157,0.78265549823,0.75186301151,0.7615319783,0.7674423565899999,0.78102690257
EJ,allansce1nz,Central Asia,biomass,electricity,0.00171774,0.0583486533,0.0885858301,0.12435824269000001,0.17441281216,0.21335978777,0.252288770974,0.290104329677,0.318099773233,0.34334465569899997,0.400760396986,0.436747855348,0.4805089792961,0.5277118321944,0.5704640634279,0.605990198113,0.6585782820498
EJ,allansce1nz,China,biomass,electricity,0.27612,1.25857806,1.9594743,2.7427318599999997,3.59379893,4.415539352,5.166272286,5.901917394,6.2634449102000005,6.3476933527,6.4641415301,6.6470637098,6.7989318707,6.8138539949,6.875630026,6.63876138629,6.30909827318
EJ,allansce1nz,Colombia,biomass,electricity,0.00544169,0.014693315799999999,0.031484772,0.0489955697,0.0667152961,0.08347519639999999,0.10184081392000001,0.11289874285,0.1237941537,0.13615944787,0.15103683241000002,0.17494784094,0.18892713055000002,0.19746849569,0.20171926193,0.20411019365,0.20805625994
EJ,allansce1nz,EU-12,biomass,electricity,0.0680047,0.153754702,0.217137583,0.281950121,0.36328087389999997,0.401639438,0.3628142993,0.33733991189999996,0.3439803285,0.3708341024,0.4038857712,0.41443598249999997,0.42925642244999995,0.41664533103,0.39579387187000004,0.37345671747,0.34533937058999997
EJ,allansce1nz,EU-15,biomass,electricity,0.324261,0.92777621,1.26832997,1.63230327,2.06703663,2.289663461,2.012414661,1.879460072,1.925050189,2.096127853,2.339362725,2.391773813,2.4145723349,2.346093707,2.2688098861999997,2.1835494013,2.0756286745
EJ,allansce1nz,Europe_Eastern,biomass,electricity,0.00150647,0.0625536177,0.0844457866,0.10964117783999999,0.13684222988,0.15676897153,0.17568989299600002,0.201823011691,0.223298325963,0.247187721459,0.276166595126,0.294005863836,0.311446427123,0.3096865765,0.324985231121,0.334704161206,0.339934696182
EJ,allansce1nz,Europe_Non_EU,biomass,electricity,0.00105263,0.0287875501,0.055861499,0.0814374745,0.1126947381,0.1434381565,0.1781295671,0.22620415848,0.2625719226,0.29047458136,0.3176689003,0.33708773706,0.367195917351,0.39979684254000003,0.42922446222,0.4558537216,0.48023830732
EJ,allansce1nz,European Free Trade Association,biomass,electricity,0.00372879,0.0559920693,0.063284919,0.08244635,0.1066661542,0.124963933,0.1311247156,0.1362330344,0.1462184537,0.1530073558,0.16060994879999999,0.1815866392,0.18682136698,0.16316203169000001,0.16113937667,0.15526898335,0.14826426991
EJ,allansce1nz,India,biomass,electricity,0.272832,1.47271408,2.3442501,3.3941849900000003,4.58817037,5.742803960000001,6.967454751,7.47752374,7.987960723,8.537339452,9.194713006,9.90758084,10.5120854936,10.9052987203,11.065847565399999,11.0600194696,11.022558524799999
EJ,allansce1nz,Indonesia,biomass,electricity,0.00403559,0.025253269,0.04700802,0.07056678799999999,0.110305654,0.161651584,0.252671419,0.324079177,0.387869837,0.4534917683,0.5177639732,0.5522743609,0.6108333324999999,0.6696080430000001,0.713057837,0.7444283383,0.7742040939
EJ,allansce1nz,Japan,biomass,electricity,0.123365,0.319017957,0.416526546,0.460317912,0.482012297,0.46723675509999996,0.38666003940000004,0.3772846775,0.40289144390000003,0.4191034208,0.4064362952,0.41252820105,0.40792061791,0.31488053393,0.25420574338,0.21591382293,0.19033215973
EJ,allansce1nz,Mexico,biomass,electricity,0.0204185,0.204506623,0.372606739,0.560284764,0.7325941163,0.76334809,0.7587020878999999,0.7719841943,0.7996524306,0.8299068465,0.8573093638,0.8479907958999999,0.8456824629599999,0.84808674751,0.84947648792,0.81060573916,0.77208148236
EJ,allansce1nz,Middle East,biomass,electricity,0.00187483,0.12158968610000001,0.17535141629999998,0.27646729459999997,0.39501742402999995,0.46196922570000004,0.5396983727,0.66627778962,0.81331909507,0.99377008259,1.26720302755,1.49700180506,1.67076594147,1.7978583611199999,1.96976201883,2.12936715681,2.31601809244
EJ,allansce1nz,Pakistan,biomass,electricity,0.00991229,0.212277676981,0.28143118979,0.3911702381,0.5626857245000001,0.7455669759,0.82227975062,0.91879778123,1.11843178812,1.33881632723,1.59369085748,1.7993570012,1.9521212886300001,2.07102005871,2.26369130488,2.42569384371,2.58010551011
EJ,allansce1nz,Russia,biomass,electricity,0.0126199,0.040479277,0.070804516,0.106984615,0.151261825,0.1890661239,0.2313403096,0.2812943589,0.34479220929,0.40606443321999997,0.47307454816,0.51134776898,0.57316231632,0.63160712159,0.68185395934,0.739810123408,0.8109689978829999
EJ,allansce1nz,South Africa,biomass,electricity,0.00170785,0.012239568000000001,0.02560126,0.03671269,0.062795346,0.12398497439999999,0.2072957636,0.2250797897,0.224467807,0.2334034409,0.2478083338,0.26807140518,0.29756017341,0.32956768182999996,0.35271119038,0.36224839022,0.37146474404
EJ,allansce1nz,South America_Northern,biomass,electricity,5.2766e-6,0.373673,0.03880450135246,0.02151040113559,0.030219600860071,0.044690400519942,0.093660900289184,0.176722000201742,0.240835,0.285751,0.37362095495,0.39764072350139,0.42642860128898996,0.09478315209431,0.151901602361142,0.158023800648808,0.180521002521949
EJ,allansce1nz,South America_Southern,biomass,electricity,0.00621952,0.34425420536999995,0.3432260465,0.39153676554,0.46665675077,0.5024846635,0.5528521219,0.62459478033,0.67839540452,0.7222729354099999,0.77337894681,0.80864304199,0.831708471018,0.661264648911,0.706368779481,0.711132940162,0.6884146696050001
EJ,allansce1nz,South Asia,biomass,electricity,0.00473681,0.187677942097,0.22510337763,0.28851131549,0.37067244927000004,0.45184858714,0.54032047399,0.63532213971,0.7401579795200001,0.8781311771,1.01989397433,1.13164796098,1.24172518202,1.32654416319,1.46025744408,1.58583688949,1.72648861651
EJ,allansce1nz,South Korea,biomass,electricity,0.00784303,0.011576149999999999,0.011527790999999999,0.01124769,0.019980512,0.029261411,0.0372847286,0.0304048181,0.022300686400000002,0.0210264902,0.021328810269999998,0.03618393197,0.04796047197,0.060127837770000005,0.07239416903,0.08042355962,0.08527506221
EJ,allansce1nz,Southeast Asia,biomass,electricity,0.0514678,0.752387959,1.059972441,1.387086801,1.7770437857,2.0578216631,2.3243908747999997,2.445717152,2.6154383531,2.772423586,2.9009494323,2.9230277595,2.9774185337,2.8779458902000004,2.8216548365,2.7612974334,2.6795475602
EJ,allansce1nz,Taiwan,biomass,electricity,0.0127677,0.034260057000000003,0.068915680000000007,0.111514686,0.161732405,0.140102107,0.081768271,0.061630591600000006,0.054115089,0.051007120100000004,0.051924762199999995,0.0550230102,0.05519578342,0.05394238331,0.0510317823,0.0489864045,0.047702346300000004
EJ,allansce1nz,USA,biomass,electricity,0.363022,0.77914417,1.0575317,1.38475827,1.796942593,2.196443838,2.7002818204000003,2.862010107,2.81506977,2.7701423715,2.9145057297999997,3.0354773364,3.2317042481000002,3.3039792918,3.2890561432,3.2627554558,3.2365958863
EJ,allansce2,Africa_Eastern,biomass,electricity,0.00443622,0.012329109999999999,0.03219709,0.0646886,0.1156615,0.1885445,0.28235129999999997,0.40254500000000004,0.5544830000000001,0.740083,0.9478230000000001,1.176378,1.413632,1.6622240000000001,1.901907,2.14074,2.385971
EJ,allansce2,Africa_Northern,biomass,electricity,0.00210249,0.005062398,0.01039838,0.01738534,0.02464406,0.03157514,0.038463899999999995,0.045887199999999996,0.0561688,0.0723158,0.08917929999999999,0.10950399999999999,0.1315223,0.1561771,0.1835417,0.2115202,0.2406639
EJ,allansce2,Africa_Southern,biomass,electricity,5.07634e-4,9.404717e-4,0.002059592,0.003980698,0.00698445,0.01145106,0.01813235,0.02815875,0.042929,0.0636538,0.0926883,0.130521,0.175598,0.22787069999999998,0.28685879999999997,0.352882,0.40699799999999997
EJ,allansce2,Africa_Western,biomass,electricity,0.00119049,0.0032621869999999997,0.012238750000000001,0.02639217,0.0476568,0.0771708,0.1186277,0.1766046,0.2581934,0.36427099999999996,0.497922,0.658291,0.840578,1.050906,1.2822689999999999,1.5396100000000001,1.831184
EJ,allansce2,Argentina,biomass,electricity,0.0077719,0.010650223,0.0131463,0.015543280000000001,0.01702408,0.01797959,0.01914584,0.02049606,0.02222047,0.02459151,0.027924369999999997,0.0312211,0.0343573,0.0371064,0.0396931,0.0426773,0.046207
EJ,allansce2,Australia_NZ,biomass,electricity,0.00206711,0.003557826,0.006130114,0.009791359999999999,0.0140893,0.019694450000000002,0.02382565,0.02804071,0.03257607,0.0372857,0.041932300000000006,0.047733199999999996,0.0545609,0.0602745,0.0661899,0.0706791,0.0748573
EJ,allansce2,Brazil,biomass,electricity,0.00257128,0.005216714999999999,0.010468709999999999,0.01815765,0.027146609999999998,0.0357015,0.0425941,0.050986199999999995,0.06226229999999999,0.0753918,0.0913805,0.1088771,0.1258925,0.143421,0.1602225,0.1750778,0.190188
EJ,allansce2,Canada,biomass,electricity,0.0454648,0.054116250000000005,0.0642181,0.07430524999999999,0.08256199,0.09148440000000001,0.0977614,0.10440459999999999,0.1116597,0.1200889,0.1289312,0.13889069999999998,0.1498964,0.1588557,0.1677951,0.1739616,0.1792306
EJ,allansce2,Central America and Caribbean,biomass,electricity,0.0229541,0.04210361,0.06710479,0.0955174,0.1229781,0.14838289999999998,0.1755051,0.20439100000000002,0.2372892,0.27121090000000003,0.30474840000000003,0.3386262,0.361787,0.384866,0.403621,0.418933,0.434409
EJ,allansce2,Central Asia,biomass,electricity,0.00210135,0.004022937,0.006923009999999999,0.01017363,0.013258289999999999,0.01528006,0.01667341,0.01802049,0.02022259,0.026709530000000002,0.03255595,0.0391837,0.0484959,0.05644779999999999,0.0643985,0.0736295,0.0807601
EJ,allansce2,China,biomass,electricity,0.265701,0.3737162,0.4654472,0.5484141,0.6135214999999999,0.686992,0.73712,0.7863960000000001,0.836271,0.880692,0.919945,0.979104,1.113216,1.204632,1.253081,1.26544,1.26975
EJ,allansce2,Colombia,biomass,electricity,0.00588131,0.008307277,0.011276330000000001,0.01475504,0.01813931,0.02118425,0.02435601,0.02785889,0.032022129999999996,0.03719807,0.0430262,0.0487854,0.0544169,0.0593714,0.0638776,0.06831570000000001,0.0729081
EJ,allansce2,EU-12,biomass,electricity,0.0466069,0.05904299,0.0687451,0.07817455,0.0855756,0.0922257,0.095895,0.0984657,0.1027755,0.1103356,0.1166149,0.1233053,0.1352454,0.14104139999999998,0.1465419,0.1507056,0.153563
EJ,allansce2,EU-15,biomass,electricity,0.244148,0.3920983,0.4699122,0.5460034,0.6100794999999999,0.7151649999999999,0.755658,0.796965,0.8608800000000001,0.932859,0.996785,1.084696,1.154658,1.193449,1.22615,1.240142,1.255891
EJ,allansce2,Europe_Eastern,biomass,electricity,0.0012843,0.00287563,0.0056751779999999995,0.00905328,0.01277724,0.01600951,0.01894347,0.02174922,0.02527141,0.030016299999999996,0.03468143,0.0409898,0.0483395,0.0550915,0.0623525,0.0697154,0.0768263
EJ,allansce2,Europe_Non_EU,biomass,electricity,8.41112e-4,0.0027120739999999996,0.00597285,0.009900869999999999,0.01411957,0.01892079,0.02272569,0.02681218,0.032088969999999994,0.0387534,0.0466635,0.056071800000000005,0.0667858,0.0775406,0.0893863,0.1003705,0.11188279999999999
EJ,allansce2,European Free Trade Association,biomass,electricity,0.00339846,0.012791198,0.022085089999999998,0.031380069999999996,0.040104940000000006,0.0476475,0.05517044,0.0635714,0.0734079,0.0834145,0.0924281,0.1004643,0.106875,0.10905859999999999,0.1099407,0.109824,0.1090312
EJ,allansce2,India,biomass,electricity,0.147971,0.3293317,0.5324569,0.7770870000000001,1.018153,1.24111,1.4548420000000002,1.670245,1.885125,2.106704,2.33117,2.547688,2.781508,2.979266,3.13793,3.25612,3.36676
EJ,allansce2,Indonesia,biomass,electricity,0.00422386,0.00938426,0.018482440000000003,0.03201626,0.04971641,0.0698448,0.089905,0.1101074,0.1309306,0.15406999999999998,0.1780506,0.2052151,0.2382254,0.26977650000000003,0.3020238,0.331889,0.36057300000000003
EJ,allansce2,Japan,biomass,electricity,0.114315,0.12247000000000001,0.12630942,0.12681579,0.12576905,0.1227593,0.1161826,0.1091399,0.1077083,0.10986480000000001,0.10938899999999999,0.1077625,0.1097894,0.11038479999999999,0.1111225,0.1109861,0.1083376
EJ,allansce2,Mexico,biomass,electricity,0.0143932,0.03132508,0.05473674,0.0811645,0.10518190000000001,0.12730070000000002,0.1440629,0.1587623,0.1745841,0.1896278,0.2046205,0.22029379999999998,0.2307957,0.2379733,0.24446600000000002,0.2462469,0.2475098
EJ,allansce2,Middle East,biomass,electricity,0.00270376,0.007770050000000001,0.01968674,0.0361451,0.0546812,0.0718087,0.0858699,0.0973777,0.1119108,0.1288893,0.1478873,0.1744946,0.20561459999999998,0.2370446,0.27074600000000004,0.322238,0.378116
EJ,allansce2,Pakistan,biomass,electricity,0.0057145,0.01125152,0.02453097,0.044677869999999995,0.0745947,0.1222783,0.1703054,0.216632,0.2563237,0.3076737,0.381974,0.472751,0.568516,0.667276,0.7617160000000001,0.859637,0.9637640000000001
EJ,allansce2,Russia,biomass,electricity,0.0041773,0.008611971,0.01698158,0.0269508,0.036677,0.04039412,0.04232966,0.0440995,0.0494905,0.0643669,0.0752969,0.08940600000000001,0.1082703,0.12491559999999999,0.1406177,0.1583044,0.171808
EJ,allansce2,South Africa,biomass,electricity,9.36389e-4,0.002433846,0.00613289,0.01128183,0.0173488,0.024036369999999998,0.03076338,0.037959,0.0467263,0.0554698,0.0640734,0.0740069,0.0827712,0.0921364,0.1033412,0.11340140000000001,0.1232714
EJ,allansce2,South America_Northern,biomass,electricity,2.06286e-5,1.82348e-5,1.47912e-5,1.18603e-5,4.1531399999999996e-4,0.001422802,0.002378456,0.003344291,0.0045068999999999994,0.00557542,0.00691972,0.00864709,0.01042502,0.012715899999999999,0.015892009999999998,0.01915464,0.02219043
EJ,allansce2,South America_Southern,biomass,electricity,0.0119309,0.02586493,0.045990659999999996,0.0668226,0.08583949999999999,0.1020571,0.1141958,0.1239717,0.1334136,0.14440219999999998,0.15532,0.1656126,0.1703219,0.1713428,0.1677223,0.1620897,0.1560802
EJ,allansce2,South Asia,biomass,electricity,0.00229014,0.006918342,0.01411817,0.02348882,0.036767680000000004,0.0544042,0.0766906,0.104229,0.1389839,0.1808865,0.2322422,0.2879307,0.34782,0.411345,0.476802,0.542532,0.606368
EJ,allansce2,South Korea,biomass,electricity,0.00777039,0.010303511000000001,0.01315404,0.016654469999999998,0.020209480000000002,0.02299452,0.025164680000000002,0.026774120000000002,0.02922418,0.03141503,0.03320175,0.0362596,0.0425336,0.0470884,0.051567,0.055096,0.0578436
EJ,allansce2,Southeast Asia,biomass,electricity,0.0388517,0.07067859,0.108436,0.1544549,0.2023682,0.24948540000000002,0.2940475,0.3333119,0.3732106,0.420317,0.467569,0.51938,0.566433,0.6032379999999999,0.6315230000000001,0.654782,0.675498
EJ,allansce2,Taiwan,biomass,electricity,0.0121322,0.016232550000000002,0.02014477,0.025077449999999998,0.029403230000000002,0.03203283,0.03409273,0.035204490000000005,0.03739376,0.042008500000000004,0.0454318,0.0493919,0.0528454,0.0556281,0.057929499999999995,0.059612899999999996,0.060697
EJ,allansce2,USA,biomass,electricity,0.153476,0.2121459,0.2657993,0.3108665,0.3478173,0.3972536,0.45119600000000004,0.49259600000000003,0.539787,0.615438,0.663454,0.73272,0.736727,0.7736099999999999,0.823287,0.887224,0.94087
EJ,allansce2nz,Africa_Eastern,biomass,electricity,0.00384633,0.5970527042752,0.6378968056600001,0.71838771320000006,0.7933866439999999,0.8794778723,0.9790344265,1.122558687,1.3047827173000002,1.5071924840000002,1.7503835922000002,1.8797563311999999,2.0298825220000003,2.2009835282,2.4408975848,2.6969185088,2.9710782410000003
EJ,allansce2nz,Africa_Northern,biomass,electricity,0.00289816,0.09639258314,0.16196391036,0.23904879384,0.32306730942,0.40480383118,0.46888023418,0.54637301028,0.6366193009000001,0.74351152674,0.90721475859,1.07982570358,1.2263174485219999,1.317508841586,1.4142788756690001,1.5070844539800001,1.61641158696
EJ,allansce2nz,Africa_Southern,biomass,electricity,3.43381e-4,0.303217019937,0,0,0.119661064094,0.20520512770000002,0.3016024768,0.34933173396,0.38920874488999996,0.42597122589,0.5000404132,0.5733423044,0.63957815225,0.57500694894,0.74634332031,0.9403462794,1.0989115511
EJ,allansce2nz,Africa_Western,biomass,electricity,1.63049e-5,1.2259552317567881,0,0.6374242996527,0.84605805,1.1801986180000001,1.5128850629000001,1.8568186431,2.25365222719,2.66700656585,3.1807134295300004,3.4921135405,3.8152383719,3.9010165983000005,4.4932043334,5.0333488679,5.6338777314
EJ,allansce2nz,Argentina,biomass,electricity,0.00685703,0.0357580567,0.06501920060000001,0.0951383491,0.12682708547,0.13895734646,0.13108031206,0.129256579,0.13513272641000001,0.1524610423,0.17770640299,0.194811939368,0.197529715042,0.18985978765,0.18447347307300002,0.182027147656,0.180134231428
EJ,allansce2nz,Australia_NZ,biomass,electricity,0.00269615,0.020924948,0.057185129,0.0953283846,0.1362596331,0.16593680878,0.17218634026,0.18511763879,0.21562123611,0.24937288712,0.290819235975,0.329020646982,0.35210090502200003,0.354813253637,0.35844852586000003,0.36304378110200003,0.370138222394
EJ,allansce2nz,Brazil,biomass,electricity,0.00188699,0.0167738044,0.0322228744,0.047235332,0.0638281537,0.059012921499999996,0.049283741199999995,0.0473247093,0.0521223166,0.0617197905,0.07185101049999999,0.0828886787,0.1032568873,0.11835297566999999,0.13174547650000001,0.1452696446,0.1610467567
EJ,allansce2nz,Canada,biomass,electricity,0.0634478,0.142703988,0.20315529999999998,0.2730416483,0.3549371181,0.3929400583,0.3944692674,0.4052891041,0.4288399844,0.46631945825,0.51176290246,0.52954120362,0.5247307060699999,0.49634410669,0.47860657859,0.46452432106,0.44650045302
EJ,allansce2nz,Central America and Caribbean,biomass,electricity,0.0238832,0.34278920960000003,0.4197193932,0.5029676242,0.5819797062,0.6375226838,0.6303822861,0.632104545,0.6552768039,0.6811268708,0.7318791608,0.7704397934,0.78821418105,0.75565325873,0.7656703042299999,0.7715547885699999,0.78507038106
EJ,allansce2nz,Central Asia,biomass,electricity,0.00171739,0.058460445,0.0887041313,0.12448894001,0.17453695937,0.21335865992,0.252263060159,0.29010369404,0.318336514746,0.343746585365,0.40120552654999997,0.437157673887,0.4807365849348,0.5280990412076,0.5705937687675999,0.6063281059071,0.6589652921897999
EJ,allansce2nz,China,biomass,electricity,0.276101,1.2636626800000001,1.961811,2.74696947,3.5988044699999997,4.421428389,5.1717712890000005,5.908178026,6.2727197407,6.3618042491999995,6.4795456968,6.6622065029,6.8126030961,6.8218150267,6.88626069689,6.6487420432099995,6.31911883296
EJ,allansce2nz,Colombia,biomass,electricity,0.00543849,0.0147222139,0.031474628,0.0490407925,0.06678847980000001,0.0835682059,0.10195713569999999,0.11308698928,0.12408972352,0.13653969421,0.15160731556,0.17548764207,0.18951192845,0.19805879939,0.20230286420000002,0.20466419548,0.20856545387
EJ,allansce2nz,EU-12,biomass,electricity,0.0679933,0.154131998,0.217030214,0.281779686,0.36289771070000004,0.40132522789999997,0.36340804990000003,0.3380990271,0.3449447956,0.3719047828,0.40486023460000004,0.41532431430000005,0.43031522067,0.41763302993,0.39657362449,0.37399345143,0.34575300161
EJ,allansce2nz,EU-15,biomass,electricity,0.324188,0.9288352900000001,1.2672152,1.630558908,2.063962642,2.2874389589999997,2.012584893,1.88091749,1.927697768,2.09938813,2.342241932,2.395142854,2.4193205922,2.3509784207999997,2.2728727949,2.1866131489,2.078152861
EJ,allansce2nz,Europe_Eastern,biomass,electricity,0.00150663,0.0625356811,0.0844356535,0.10965613602,0.13688031361,0.15682350929000002,0.175742925681,0.20191701339499998,0.223460501969,0.247429972628,0.27652323444300003,0.294466404887,0.311964443041,0.310222600854,0.325599650964,0.33533469256,0.340589038314
EJ,allansce2nz,Europe_Non_EU,biomass,electricity,0.00105256,0.028922418800000002,0.0558405473,0.0813588462,0.11253545050000001,0.1432673372,0.17801351028999998,0.22618717684,0.26260080042,0.29052346047,0.31766716175,0.33710557101,0.36723177038099997,0.39992601923,0.42944362898,0.45616489059,0.48061949113999997
EJ,allansce2nz,European Free Trade Association,biomass,electricity,0.00372578,0.0558564483,0.063145361,0.08251369800000001,0.1067436267,0.1250195955,0.131163933,0.1362784529,0.1462545462,0.15302602740000001,0.1608737869,0.1817512074,0.18694631005,0.16329572799,0.1612552675,0.1553044533,0.14825899977
EJ,allansce2nz,India,biomass,electricity,0.276173,1.50158044,2.3697913,3.4215957,4.61349999,5.7637506499999995,6.984241452,7.4939312099999995,8.008610923,8.561136312,9.219918818,9.930627633,10.5332377029,10.9180178054,11.0749365862,11.0665584488,11.0287875707
EJ,allansce2nz,Indonesia,biomass,electricity,0.00403447,0.025289672,0.046852872999999996,0.070400618,0.109985889,0.161044063,0.251768334,0.323479182,0.387576898,0.4533268206,0.5176713452,0.5523566167,0.6113711654,0.6704030597,0.7141642069,0.7459227849,0.7759410649
EJ,allansce2nz,Japan,biomass,electricity,0.12336,0.319502465,0.41681967799999997,0.46076097400000005,0.4816610136,0.4670481854,0.3871972886,0.3780429495,0.4039659804,0.4203660683,0.4077416939,0.4132941212,0.40905125207000004,0.31550706376,0.25448927909999997,0.21593786366,0.19066244694
EJ,allansce2nz,Mexico,biomass,electricity,0.0204168,0.204663448,0.37251474,0.560394691,0.7328818293999999,0.764005021,0.7603956916,0.7741044101,0.802044929,0.832691795,0.8603031177,0.8513015324000001,0.85003238485,0.8522535204899999,0.85302001619,0.8128720390499999,0.77454677332
EJ,allansce2nz,Middle East,biomass,electricity,0.00187445,0.1216233534,0.1755868836,0.2765731825,0.39505113756,0.4621553377,0.5402725646,0.66719822246,0.81454932959,0.9954812617700001,1.26900125245,1.4990111553099998,1.67416622708,1.80141874656,1.97336640839,2.13311857003,2.32003748964
EJ,allansce2nz,Pakistan,biomass,electricity,0.00991238,0.21263859431700002,0.28161228571,0.3914982818,0.5628353214,0.7460437577000001,0.8241810999,0.9198141007799999,1.1195878668099999,1.34065919728,1.59526961831,1.8012621407,1.95473901957,2.0730545099,2.26594595626,2.42840165077,2.58269633372
EJ,allansce2nz,Russia,biomass,electricity,0.0126139,0.040661493,0.070905282,0.107219883,0.151656447,0.18954896429999998,0.2319143366,0.28198721721,0.34563516179,0.40705725517999997,0.47440094401,0.51315403084,0.57545947722,0.63360923797,0.6839600486799999,0.741879213115,0.813019081477
EJ,allansce2nz,South Africa,biomass,electricity,0.00170718,0.012320249,0.0256573,0.036861359999999996,0.063031026,0.1242366551,0.2075295473,0.2256020413,0.2253227978,0.2344142351,0.2489080487,0.2692195869,0.29882492747,0.33085241057,0.35398498186,0.36354425224,0.37273661497
EJ,allansce2nz,South America_Northern,biomass,electricity,5.27738e-6,0.380904,0.041165101338390006,0.02357470123772,0.031493200960489,0.045094400591032,0.09028680032713,0.170286000230747,0.229933000107669,0.27649,0.370254,0.40211044774501997,0.42713901764411,0.086902162483058,0.145792602912601,0.152740000875411,0.174007102858205
EJ,allansce2nz,South America_Southern,biomass,electricity,0.00621906,0.34601542897,0.34453982138,0.39297481401,0.46814077929000003,0.504201094,0.5545561525999999,0.62624718227,0.68004165374,0.72397887212,0.77511112573,0.81025317314,0.83320053867,0.661120678066,0.706237809978,0.711147981989,0.6883117012600001
EJ,allansce2nz,South Asia,biomass,electricity,0.00473583,0.187987035623,0.22540543456,0.28885269995999996,0.37104979707999997,0.45233960245,0.5410061905,0.63611427143,0.74137241666,0.8791575280799999,1.0211284621599999,1.1329496475,1.24328080711,1.3277406128,1.4618159796,1.5873114751700002,1.72824427427
EJ,allansce2nz,South Korea,biomass,electricity,0.00784236,0.011609859,0.011528983,0.01130364,0.020043243,0.029321887999999997,0.037334397,0.030612602500000002,0.0224363802,0.0211166084,0.02146994835,0.03639078342,0.04813570844,0.060301612260000005,0.07260799748999999,0.08066255020999999,0.08549233785
EJ,allansce2nz,Southeast Asia,biomass,electricity,0.0514354,0.7529051619999999,1.059196542,1.38694538,1.7768253017,2.0577626507,2.3245122202,2.4468811872,2.6172679925,2.7748140169999997,2.90351954,2.9262716208,2.9817701739,2.8805233265,2.8243064013,2.7637091061,2.6813490465
EJ,allansce2nz,Taiwan,biomass,electricity,0.0127667,0.034414498,0.06894002,0.111595131,0.161826807,0.140587904,0.08232219,0.0620877074,0.0545302913,0.0513720229,0.0523929005,0.055608860399999994,0.055735761929999995,0.054401156219999997,0.0514151561,0.0493107586,0.047983600499999994
EJ,allansce2nz,USA,biomass,electricity,0.362955,0.78202901,1.05803773,1.38678743,1.799784867,2.200043478,2.7051585581000004,2.8690709950000004,2.827370846,2.7819602516999997,2.9261369086999998,3.0499504785,3.2470519219,3.3160624418999998,3.3001793159000004,3.2734069313,3.2464571354
EJ,default,Africa_Eastern,biomass,electricity,0.00443735,0.01233451,0.03230819,0.0649689,0.11616289999999999,0.1898975,0.2850041,0.407157,0.561518,0.750653,0.962654,1.195767,1.438061,1.691434,1.939332,2.181174,2.431007
EJ,default,Africa_Northern,biomass,electricity,0.00210223,0.005085599,0.01048544,0.01759479,0.025021670000000003,0.032156489999999996,0.0392684,0.046895000000000006,0.0574599,0.0739861,0.0913076,0.11209279999999999,0.1346029,0.1597566,0.1874011,0.2159471,0.2453427
EJ,default,Africa_Southern,biomass,electricity,5.07672e-4,9.410888e-4,0.002064971,0.0040020970000000005,0.00703678,0.01155047,0.01831894,0.02847736,0.0434851,0.064555,0.0940963,0.13262259999999998,0.1786558,0.2320683,0.292411,0.359395,0.41571899999999995
EJ,default,Africa_Western,biomass,electricity,0.0011905,0.003264358,0.012308689999999999,0.02662684,0.0481598,0.0781671,0.1203806,0.17939689999999997,0.2624871,0.370637,0.506916,0.670809,0.857189,1.071335,1.306482,1.567256,1.862395
EJ,default,Argentina,biomass,electricity,0.00777249,0.010708669,0.01328078,0.01577023,0.01734861,0.01837733,0.01962144,0.02104436,0.02285263,0.025328959999999998,0.0287566,0.0321603,0.0353833,0.0381813,0.0407889,0.0437861,0.0473216
EJ,default,Australia_NZ,biomass,electricity,0.00206701,0.003575343,0.006183137,0.00990957,0.014299039999999999,0.02004195,0.024320480000000002,0.028682769999999996,0.03338494,0.0383176,0.0431481,0.049138,0.056153999999999996,0.0619799,0.06801109999999999,0.07257430000000001,0.0767654
EJ,default,Brazil,biomass,electricity,0.00257134,0.0052344489999999995,0.0105371,0.01831129,0.02742538,0.03615857,0.0432345,0.0518214,0.0633329,0.0767458,0.0930234,0.1108468,0.1281696,0.1459688,0.1630229,0.1780683,0.19333119999999998
EJ,default,Canada,biomass,electricity,0.0454669,0.05435176,0.06475138999999999,0.07520132,0.08393183,0.093469,0.1003137,0.1075232,0.1153526,0.1244093,0.1338449,0.1443647,0.1557744,0.1649669,0.1739478,0.1801269,0.1853514
EJ,default,Central America and Caribbean,biomass,electricity,0.0229582,0.04231902,0.06761549,0.0963724,0.1241929,0.1500434,0.1777079,0.2072208,0.2408391,0.2755698,0.3099543,0.3446174,0.36821,0.39165,0.410619,0.42602,0.441588
EJ,default,Central Asia,biomass,electricity,0.00210141,0.004047854,0.00699245,0.01032165,0.013491079999999999,0.015595689999999999,0.01708633,0.01846909,0.02072256,0.0273324,0.0333274,0.040037,0.04954600000000001,0.057608099999999995,0.0656085,0.0749086,0.0820878
EJ,default,China,biomass,electricity,0.265738,0.3752756,0.4690953,0.5543291,0.6217594,0.697164,0.7491800000000001,0.8003129999999999,0.8518870000000001,0.8981020000000001,0.938453,0.998634,1.133367,1.225109,1.272684,1.284235,1.287592
EJ,default,Colombia,biomass,electricity,0.00588129,0.008327322,0.01132953,0.014856260000000001,0.01830315,0.02142396,0.02466522,0.02825353,0.03251085,0.03780394,0.043745900000000004,0.0496211,0.055353,0.06038350000000001,0.06493850000000001,0.0694048,0.0740132
EJ,default,EU-12,biomass,electricity,0.0466307,0.059332510000000005,0.06923455,0.07891317,0.0866436,0.0937168,0.0977547,0.10057469999999999,0.1051142,0.1129361,0.11943,0.1263078,0.1383384,0.14416800000000002,0.1495952,0.1536723,0.1564389
EJ,default,EU-15,biomass,electricity,0.244307,0.3933349,0.4723287,0.549747,0.6155105999999999,0.723923,0.766765,0.8102779999999999,0.876548,0.951077,1.017334,1.107669,1.1787839999999998,1.218323,1.2510729999999999,1.264704,1.279997
EJ,default,Europe_Eastern,biomass,electricity,0.00128428,0.002890293,0.0057220050000000005,0.00915188,0.01295424,0.01627311,0.01929935,0.022194890000000002,0.02580122,0.0306403,0.03538765,0.0417916,0.0492389,0.056080599999999994,0.0634125,0.0708307,0.0779904
EJ,default,Europe_Non_EU,biomass,electricity,8.41491e-4,0.002734398,0.00603935,0.0100458,0.0143823,0.01932361,0.023260830000000003,0.02748463,0.03290997,0.039743600000000004,0.0477838,0.0574502,0.06838949999999999,0.0793919,0.0913642,0.1024594,0.1140488
EJ,default,European Free Trade Association,biomass,electricity,0.00339899,0.012817545999999999,0.02217218,0.031538409999999996,0.040348419999999996,0.047993759999999996,0.05564184,0.0641754,0.0741798,0.08437080000000001,0.09355809999999999,0.10174710000000001,0.1082732,0.1105136,0.1114194,0.111304,0.11049439999999999
EJ,default,India,biomass,electricity,0.147973,0.33080719999999997,0.5364165,0.7845530000000001,1.030265,1.25845,1.477201,1.697761,1.917842,2.146363,2.377302,2.599046,2.837491,3.037637,3.1976700000000005,3.3149100000000002,3.42449
EJ,default,Indonesia,biomass,electricity,0.00422383,0.009418226,0.01858958,0.03225307,0.05014974,0.0705622,0.0909643,0.1115337,0.1327546,0.1563665,0.1807124,0.2082911,0.2417649,0.2737704,0.3064441,0.336599,0.365492
EJ,default,Japan,biomass,electricity,0.114317,0.12294308,0.12706130999999998,0.12786485,0.12722272,0.1248283,0.1187642,0.1121617,0.11119589999999999,0.1138471,0.1136705,0.1123343,0.11439250000000001,0.114898,0.1154559,0.11515230000000001,0.112196
EJ,default,Mexico,biomass,electricity,0.0143932,0.03179406,0.05583783,0.08307880000000001,0.1080462,0.1312463,0.1489597,0.1645378,0.1812131,0.1972545,0.2131386,0.22965259999999998,0.2407221,0.2480479,0.25430769999999997,0.2557379,0.2564935
EJ,default,Middle East,biomass,electricity,0.00270262,0.007797025,0.01982588,0.036484050000000004,0.055324399999999996,0.0728948,0.08746730000000001,0.0995335,0.11466599999999999,0.1323513,0.1522314,0.1795153,0.21154,0.24384909999999999,0.278104,0.32986000000000004,0.385883
EJ,default,Pakistan,biomass,electricity,0.00571492,0.011271709999999999,0.024652840000000002,0.04492749,0.0751388,0.12261079999999999,0.17181690000000002,0.2191091,0.2611335,0.312241,0.388135,0.47953,0.576811,0.677334,0.773983,0.872406,0.978168
EJ,default,Russia,biomass,electricity,0.00417739,0.008661118999999998,0.01714793,0.02731849,0.037342360000000005,0.04139775,0.04362246,0.0456318,0.05124820000000001,0.0665177,0.07778109999999999,0.092249,0.1114812,0.1284461,0.1442563,0.1619791,0.175514
EJ,default,South Africa,biomass,electricity,9.36488e-4,0.0024498999999999996,0.006192990000000001,0.01142435,0.017606160000000003,0.02444531,0.031323989999999996,0.0386847,0.0476679,0.0566448,0.06544839999999999,0.0756116,0.08456079999999999,0.0940773,0.10542399999999999,0.1156254,0.1255488
EJ,default,South America_Northern,biomass,electricity,2.06266e-5,1.86215e-5,1.52824e-5,1.23564e-5,4.22257e-4,0.0014463520000000001,0.002424058,0.003414758,0.0046072,0.005707749999999999,0.0070864000000000005,0.00885862,0.0106883,0.01303945,0.01628319,0.019612440000000002,0.022691700000000002
EJ,default,South America_Southern,biomass,electricity,0.0119316,0.02601807,0.046401880000000006,0.0675614,0.086973,0.1036092,0.1162397,0.1265026,0.13641599999999998,0.1478702,0.1591862,0.1698538,0.1747155,0.1757442,0.1719489,0.166074,0.1597947
EJ,default,South Asia,biomass,electricity,0.00229076,0.0069477459999999994,0.01422903,0.0237471,0.03716379,0.0550516,0.0776414,0.10565659999999999,0.140865,0.1837638,0.2359291,0.2927536,0.353535,0.418246,0.484687,0.551545,0.61619
EJ,default,South Korea,biomass,electricity,0.00777099,0.010346636000000001,0.013245219999999999,0.016820230000000002,0.0204808,0.023396269999999997,0.02567794,0.027390329999999997,0.02993794,0.03223095,0.03409178,0.037231,0.0436126,0.0482364,0.052750500000000006,0.0562839,0.05901390000000001
EJ,default,Southeast Asia,biomass,electricity,0.0388565,0.07117847000000001,0.1095555,0.1563682,0.2050222,0.2531343,0.29883000000000004,0.33923990000000004,0.38033609999999995,0.428925,0.477308,0.530232,0.577931,0.615208,0.643707,0.6668970000000001,0.687403
EJ,default,Taiwan,biomass,electricity,0.0121323,0.016331283000000002,0.02033676,0.02539422,0.02988702,0.0327037,0.03489664,0.036124250000000004,0.03842,0.0431984,0.0467491,0.050823099999999996,0.0542899,0.0571053,0.0594075,0.061052999999999996,0.0620775
EJ,default,USA,biomass,electricity,0.153471,0.2137232,0.2685358,0.3147692,0.3531494,0.40441499999999997,0.45984899999999995,0.5027429999999999,0.551482,0.629132,0.678607,0.749307,0.753036,0.790141,0.840077,0.904371,0.9580150000000001
EJ,defaultnz,Africa_Eastern,biomass,electricity,0.00384741,0.6010117368983,0.64108671826,0.721988335,0.7986559329999999,0.885893895,0.9872164247999999,1.1328187326,1.3183189388999998,1.5252351594,1.7678685076,1.8993063556,2.0537615007,2.220588415,2.4636709851000003,2.7231911086,3.0003734520000003
EJ,defaultnz,Africa_Northern,biomass,electricity,0.00289724,0.09680660996000001,0.16270836209,0.23991527418,0.32431604509,0.40690561053,0.4721029129,0.5508724619900001,0.6422599756,0.75103321606,0.91719492756,1.08975802664,1.23686658273,1.32873906155,1.42608303423,1.52050576464,1.63059290368
EJ,defaultnz,Africa_Southern,biomass,electricity,3.43408e-4,0.306630132333,0,0,0.11987071581099999,0.2098893051,0.30795221759999997,0.35346190929,0.39386808206,0.4327068271,0.5068225885900001,0.58225022883,0.6510891544,0.5783041933,0.7521460719,0.9494626281,1.1114288160999999
EJ,defaultnz,Africa_Western,biomass,electricity,1.63183e-5,1.229155004843795,0,0.6363471062353,0.850412303,1.186786799,1.5153562616,1.8600787763,2.2582251722,2.6796855265,3.1945104808,3.5164437743,3.8536264297000002,3.9151010056,4.5210203446,5.0744633864,5.6807267965
EJ,defaultnz,Argentina,biomass,electricity,0.00685745,0.0361582024,0.065434279,0.0956652057,0.12750894025,0.13989471679999999,0.13462890989,0.13428147845,0.14018831325,0.15775889671,0.18269790308,0.19959912301,0.202955996173,0.195025920671,0.18954990095000002,0.18620849805,0.18384210312399998
EJ,defaultnz,Australia_NZ,biomass,electricity,0.0027009,0.02156402,0.057773896,0.09598454149999999,0.1370362715,0.16706440625000002,0.17513721230999998,0.18957246207,0.21939383428,0.25267932744,0.29412650318,0.33262904623899997,0.35710593927900003,0.361020286445,0.36448319842,0.36800920756300004,0.374748528195
EJ,defaultnz,Brazil,biomass,electricity,0.00188681,0.0174402128,0.0329307666,0.0486848989,0.0666284258,0.0634541181,0.0533192607,0.0514326161,0.057047170200000004,0.0679209593,0.0791211973,0.0947952435,0.11818998683,0.1325875319,0.1451556364,0.1586668771,0.1749885693
EJ,defaultnz,Canada,biomass,electricity,0.0634838,0.143614867,0.205000028,0.27532496619999997,0.3570197207,0.3954471012,0.4023095958,0.4159525756,0.44197098669999996,0.47814513122999996,0.52282508791,0.54184454337,0.54085031098,0.51237698462,0.49296157763000004,0.47554987833,0.45438103549000003
EJ,defaultnz,Central America and Caribbean,biomass,electricity,0.0239622,0.3458448,0.4223627372,0.5065333414,0.5868194429,0.6435457340999999,0.6411185025,0.6451402977999999,0.6714090462,0.7004912856000001,0.7532041396,0.7926353074,0.81208768797,0.770683456,0.78203400719,0.78775826346,0.80119037764
EJ,defaultnz,Central Asia,biomass,electricity,0.00171732,0.0590040118,0.0894532731,0.12513648742,0.17509968733,0.21254080605999998,0.251315029724,0.289350805938,0.319779573584,0.344070035678,0.402788897768,0.438788345092,0.4805599341282,0.5297040339633,0.5643960469961,0.6024800797429001,0.655750402378
EJ,defaultnz,China,biomass,electricity,0.276164,1.28307993,1.979177,2.77606663,3.6347797,4.464838194,5.213074432,5.956860514,6.342278777,6.4723848208,6.6031637585,6.783412374,6.9271246953,6.9018446989,6.97186684182,6.72969814083,6.39926404996
EJ,defaultnz,Colombia,biomass,electricity,0.00543867,0.014866908199999999,0.031508575,0.049271531900000005,0.0672202762,0.0841778498,0.10278469405,0.1143754484,0.12607945110000002,0.13915115223,0.15543065249000002,0.17900082935,0.19327880313999998,0.20204680652999998,0.20628210923,0.20856425972,0.21227376576
EJ,defaultnz,EU-12,biomass,electricity,0.0680592,0.156789485,0.219263385,0.283085746,0.36252688699999996,0.4015889195,0.370838294,0.3467869704,0.3546529709,0.38227815589999997,0.415029334,0.4257254113,0.44212821451,0.42800601719,0.40451877603999997,0.38030638085,0.35170127731
EJ,defaultnz,EU-15,biomass,electricity,0.324252,0.9348366,1.26865265,1.6334765400000002,2.063311299,2.2916519309999996,2.037074487,1.915433263,1.964958062,2.14088833,2.3817811779999998,2.439829715,2.4750649176,2.4042254719,2.3200028067,2.2202773683,2.1062646778
EJ,defaultnz,Europe_Eastern,biomass,electricity,0.00150675,0.06338868310000001,0.0851997051,0.11047202069,0.13781818933999998,0.15788950292,0.176820995961,0.203281197182,0.225234811879,0.249785914418,0.279765987153,0.298417773237,0.31638938859099996,0.314303927671,0.33019782738,0.340269781473,0.346020311433
EJ,defaultnz,Europe_Non_EU,biomass,electricity,0.00105317,0.029560452400000003,0.0564496194,0.0821976026,0.11346614420000001,0.1442351849,0.17909150795,0.22742577462,0.26376141821,0.29212616167,0.31953638023000003,0.33948235355,0.36908479385,0.40127085695,0.43025529261,0.45691264253999997,0.48173649511
EJ,defaultnz,European Free Trade Association,biomass,electricity,0.00372502,0.056264730400000004,0.062694829999999993,0.082343142,0.1069358909,0.1254281272,0.13189209429999998,0.1374805371,0.14794014879999998,0.1550671979,0.16478622110000002,0.1842098333,0.18959535731,0.16490274168,0.1639204203,0.157764562,0.1501646128
EJ,defaultnz,India,biomass,electricity,0.276219,1.52189829,2.3826228,3.4365994,4.63137711,5.780436460000001,7.00212657,7.54178466,8.08272473,8.654402012,9.328937948,10.045384184,10.654547986,11.0160906165,11.1615326139,11.1413009816,11.0951674811
EJ,defaultnz,Indonesia,biomass,electricity,0.00403294,0.025499173,0.046513724,0.069940494,0.10877732600000001,0.15848114800000002,0.24686039199999998,0.319533883,0.385265632,0.45182688190000003,0.5168434888,0.5530628036,0.6148585762000001,0.6748097189,0.7198435725,0.7541280003,0.7856804974
EJ,defaultnz,Japan,biomass,electricity,0.123359,0.32948019,0.428264461,0.47254331400000005,0.4957885218,0.4825819253,0.41070513410000004,0.405114998,0.4328134031,0.44865053359999996,0.4342342186,0.4354966735,0.43281060986000003,0.33234682768,0.26581456471,0.22455625268,0.19577082707000001
EJ,defaultnz,Mexico,biomass,electricity,0.0204259,0.206528879,0.399001232,0.5793338570000001,0.752380272,0.7874876860000001,0.792002279,0.8107470246,0.8413808497999999,0.8710323961,0.8953477315,0.8912056560999999,0.89147709059,0.89132342121,0.86857823297,0.8182812232400001,0.78021484378
EJ,defaultnz,Middle East,biomass,electricity,0.00187452,0.1216996702,0.1760658282,0.27637462160000004,0.3940688219,0.4620321459,0.5424789266000001,0.67307649922,0.82248428588,1.00377573354,1.28066539244,1.51257938151,1.69943596166,1.82988425905,2.00339394799,2.16258336426,2.35300346523
EJ,defaultnz,Pakistan,biomass,electricity,0.00991323,0.21407257142699998,0.28185338061,0.391918586,0.559181724,0.7460511052,0.8403679475,0.9263278740600001,1.1266394,1.3531926749299998,1.6066793388,1.8164095446,1.97782853576,2.09071460024,2.28502697321,2.45165821246,2.60634723804
EJ,defaultnz,Russia,biomass,electricity,0.0126149,0.041901653,0.072443169,0.109698198,0.15528244100000002,0.19380827700000003,0.2368844066,0.28786680801000003,0.35256086419,0.41524476705,0.48564391515,0.52873766013,0.59574311556,0.65203344188,0.70268197219,0.76030217751,0.83116999053
EJ,defaultnz,South Africa,biomass,electricity,0.00170684,0.012684516,0.026074319999999998,0.0377869,0.06447419,0.125605393,0.2089634716,0.228873988,0.2311138914,0.2416340878,0.2569806246,0.2776904775,0.30813610009,0.33998440820000003,0.36284160149,0.37238648983,0.3814713488
EJ,defaultnz,South America_Northern,biomass,electricity,5.28075e-6,0.380681,0.04050130140841,0.02387250136594,0.03188160110412,0.044654700698486,0.084679900391105,0.157060000279418,0.205168000129076,0.25224,0.347227,0.39790381626195,0.42460425356085,0.083308093292259,0.14347980407404,0.151824501399257,0.171415803390758
EJ,defaultnz,South America_Southern,biomass,electricity,0.00621869,0.34834910317,0.34652404340000004,0.39471472762,0.46950456245,0.5059692333,0.5578199986,0.62970377836,0.68406317521,0.72978864656,0.7825625832299999,0.8184722401000001,0.8415920746990001,0.663053924161,0.708054077447,0.712720296557,0.689937949287
EJ,defaultnz,South Asia,biomass,electricity,0.00474027,0.189715560078,0.22718673960000002,0.29068330419,0.37274408667000003,0.4550328329,0.5454348932299999,0.64154880152,0.75026413813,0.88691451735,1.03104382234,1.14414499264,1.25654274197,1.33867882522,1.47604108873,1.60094682684,1.74425744842
EJ,defaultnz,South Korea,biomass,electricity,0.00784294,0.011803216,0.011696654,0.01173888,0.020525733,0.029783906000000002,0.037756242700000005,0.0321769828,0.0236410022,0.022029901,0.0231114902,0.03841217138,0.04968091574,0.06180681447,0.07437707257,0.08265822588999999,0.08734700947
EJ,defaultnz,Southeast Asia,biomass,electricity,0.0514993,0.759876064,1.061024574,1.387917141,1.776242328,2.0576238884,2.3254553731,2.4541759457,2.6285904731,2.7920837871999997,2.9240673812,2.9526405208,3.0173360833,2.8990561149999996,2.8419352594,2.7786893609,2.6924238454
EJ,defaultnz,Taiwan,biomass,electricity,0.0127672,0.035164783,0.06941835,0.112544838,0.16307754900000002,0.144096981,0.08633425,0.0654508181,0.0576327451,0.0542127172,0.0561008416,0.0601938489,0.0601594159,0.0582362443,0.05459505109999999,0.0520136126,0.050301959099999995
EJ,defaultnz,USA,biomass,electricity,0.362882,0.79657678,1.06574454,1.4005197800000002,1.818351504,2.2227911799999998,2.735609909,2.913661095,2.908579714,2.865063938,3.0085028960999995,3.146412029,3.3547270799,3.3985015101,3.3733511685,3.3446809010000003,3.3126990655
