Units,scenario,region,sector,2020,2025,2030,2035,2040,2045,2050,2055,2060,2065,2070,2075,2080,2085,2090,2095,2100
1975$/kg,30percnz,Africa_Eastern,Dairy,0.232202,0.277864,0.322504,0.400245,0.498682,0.596387,0.699912,0.781219,0.867414,0.955474,1.04056,1.11211,1.19029,1.19819,1.2019,1.2079,1.21911
1975$/kg,30percnz,Africa_Northern,Dairy,0.17464,0.180613,0.188109,0.199268,0.216958,0.235871,0.258554,0.276974,0.29842,0.323066,0.349423,0.372051,0.395328,0.397602,0.398389,0.399384,0.401322
1975$/kg,30percnz,Africa_Southern,Dairy,0.153703,0.191701,0.218169,0.279525,0.328288,0.400764,0.506589,0.594337,0.680349,0.773814,0.877616,0.966514,1.06631,1.08914,1.10307,1.11907,1.12913
1975$/kg,30percnz,Africa_Western,Dairy,0.320228,0.398715,0.466403,0.553077,0.739194,0.952377,1.1866,1.35559,1.51938,1.69328,1.8665,2.00941,2.17098,2.2004,2.20282,2.21231,2.22141
1975$/kg,30percnz,Argentina,Dairy,0.105404,0.109016,0.112156,0.117513,0.126306,0.135542,0.14665,0.155486,0.165677,0.176945,0.187854,0.196884,0.206434,0.205944,0.205353,0.205219,0.205172
1975$/kg,30percnz,Australia_NZ,Dairy,0.0926686,0.095167,0.0973171,0.101177,0.107559,0.11424,0.121742,0.128226,0.136102,0.1445,0.152342,0.158669,0.16536,0.165017,0.164922,0.165288,0.16569
1975$/kg,30percnz,Brazil,Dairy,0.0952654,0.0984283,0.101262,0.106335,0.114204,0.121425,0.130599,0.13734,0.144803,0.152628,0.15984400000000001,0.165767,0.172372,0.171429,0.170313,0.169402,0.168467
1975$/kg,30percnz,Canada,Dairy,0.165985,0.169233,0.171675,0.176597,0.184775,0.193364,0.20378,0.212078,0.221503,0.231369,0.240791,0.248568,0.257062,0.256982,0.256721,0.256788,0.256914
1975$/kg,30percnz,Central America and Caribbean,Dairy,0.141158,0.149724,0.15693,0.16713,0.182746,0.19971,0.219669,0.23408,0.250089,0.267034,0.283035,0.296445,0.311022,0.312236,0.312893,0.313629,0.314097
1975$/kg,30percnz,Central Asia,Dairy,0.106766,0.110555,0.113364,0.117908,0.124521,0.131197,0.139005,0.145361,0.152729,0.160977,0.169057,0.175852,0.183123,0.183682,0.183871,0.184041,0.184034
1975$/kg,30percnz,China,Dairy,0.203905,0.21237,0.219629,0.230176,0.247414,0.266051,0.287001,0.297579,0.308624,0.319707,0.32935,0.335948,0.343072,0.336175,0.328268,0.320798,0.314249
1975$/kg,30percnz,Colombia,Dairy,0.0877517,0.0904965,0.0929035,0.0964795,0.101614,0.107391,0.114717,0.120168,0.126485,0.133323,0.139868,0.145774,0.151597,0.15143,0.15117,0.150901,0.150445
1975$/kg,30percnz,EU-12,Dairy,0.104892,0.108057,0.110266,0.11453,0.121757,0.129054,0.137581,0.144271,0.1521,0.160395,0.168343,0.174687,0.181628,0.181166,0.180578,0.1803,0.180184
1975$/kg,30percnz,EU-15,Dairy,0.116075,0.119775,0.121946,0.126047,0.133206,0.140451,0.149131,0.156133,0.164288,0.172971,0.181338,0.188214,0.195747,0.195658,0.195353,0.195298,0.195321
1975$/kg,30percnz,Europe_Eastern,Dairy,0.0720342,0.075568,0.0782126,0.0826729,0.0898171,0.0972589,0.106021,0.11206,0.119023,0.126291,0.133109,0.138556,0.144577,0.144123,0.14352,0.143091,0.142633
1975$/kg,30percnz,Europe_Non_EU,Dairy,0.124223,0.135905,0.144256,0.156736,0.175309,0.194255,0.216887,0.234753,0.255413,0.278386,0.300499,0.319535,0.339855,0.340753,0.340261,0.339819,0.339073
1975$/kg,30percnz,European Free Trade Association,Dairy,0.184223,0.190087,0.192729,0.198144,0.209426,0.221413,0.23479,0.244799,0.256206,0.267744,0.278686,0.28805,0.297899,0.297418,0.296325,0.295815,0.295539
1975$/kg,30percnz,India,Dairy,0.0340336,0.0404933,0.0458611,0.0526449,0.0618062,0.0714298,0.0829653,0.0922867,0.10316,0.115771,0.127779,0.137905,0.1485,0.149319,0.148939,0.148508,0.147754
1975$/kg,30percnz,Indonesia,Dairy,0.117988,0.124952,0.131609,0.142021,0.159279,0.178077,0.200461,0.21579,0.232936,0.252593,0.271315,0.286858,0.304733,0.304098,0.302654,0.301258,0.299644
1975$/kg,30percnz,Japan,Dairy,0.234867,0.239371,0.242459,0.248364,0.258318,0.26754,0.279249,0.288108,0.298355,0.309305,0.319816,0.3287,0.338427,0.337799,0.336954,0.336515,0.336195
1975$/kg,30percnz,Mexico,Dairy,0.104239,0.106231,0.107708,0.110239,0.114772,0.120309,0.127316,0.13294,0.139213,0.145892,0.151999,0.157308,0.163184,0.163694,0.163904,0.164181,0.164377
1975$/kg,30percnz,Middle East,Dairy,0.19513,0.20232,0.206831,0.214401,0.226097,0.238199,0.255005,0.277236,0.330937,0.388924,0.428954,0.457595,0.488843,0.495174,0.495527,0.494826,0.494014
1975$/kg,30percnz,Pakistan,Dairy,0.0686906,0.072417,0.0754496,0.0797343,0.0856219,0.0931944,0.105906,0.11809,0.129038,0.140247,0.150827,0.159833,0.169339,0.170403,0.170663,0.170911,0.170864
1975$/kg,30percnz,Russia,Dairy,0.0980674,0.1007,0.103106,0.108742,0.118663,0.129707,0.14264,0.152021,0.162226,0.17211,0.181608,0.189185,0.198233,0.197385,0.196254,0.195298,0.194305
1975$/kg,30percnz,South Africa,Dairy,0.0946559,0.0964058,0.0982751,0.101981,0.109399,0.119261,0.129714,0.134425,0.141366,0.149566,0.157705,0.165037,0.173227,0.172956,0.172141,0.171085,0.170267
1975$/kg,30percnz,South America_Northern,Dairy,0.302917,0.308401,0.313982,0.322647,0.334985,0.348309,0.364437,0.378012,0.393508,0.410426,0.424812,0.438203,0.453114,0.454517,0.45472,0.454697,0.454444
1975$/kg,30percnz,South America_Southern,Dairy,0.107443,0.111255,0.114352,0.119638,0.128213,0.136942,0.148162,0.157171,0.167325,0.178163,0.188841,0.197875,0.207626,0.208426,0.207833,0.207767,0.207939
1975$/kg,30percnz,South Asia,Dairy,0.137647,0.145992,0.152719,0.161816,0.175744,0.189981,0.207868,0.225143,0.24724,0.272858,0.296291,0.315128,0.333646,0.337259,0.337459,0.337118,0.336115
1975$/kg,30percnz,South Korea,Dairy,0.560782,0.572323,0.580832,0.596608,0.62584,0.661196,0.706403,0.727866,0.753687,0.780452,0.805499,0.828209,0.853575,0.845118,0.835425,0.827024,0.820208
1975$/kg,30percnz,Southeast Asia,Dairy,0.124658,0.141599,0.156357,0.179695,0.213858,0.248661,0.288436,0.315872,0.346337,0.377004,0.404958,0.427801,0.452658,0.45176,0.449214,0.447122,0.445342
1975$/kg,30percnz,Taiwan,Dairy,0.199648,0.204687,0.20991,0.221711,0.241239,0.261279,0.284707,0.300146,0.316332,0.334313,0.352469,0.36852,0.386105,0.386769,0.385852,0.384505,0.383707
1975$/kg,30percnz,USA,Dairy,0.121254,0.123488,0.125283,0.128576,0.134425,0.141063,0.149336,0.155234,0.162046,0.169365,0.176462,0.182458,0.189169,0.189347,0.189236,0.189208,0.189236
1975$/kg,allansce1nz,Africa_Eastern,Dairy,0.231608,0.276386,0.31971,0.396446,0.494019,0.590755,0.692708,0.77268,0.856245,0.941456,1.02443,1.09421,1.1713,1.17994,1.18354,1.18946,1.20036
1975$/kg,allansce1nz,Africa_Northern,Dairy,0.174623,0.180564,0.187975,0.198961,0.216291,0.234693,0.25667,0.274612,0.295311,0.319028,0.344681,0.366732,0.38973,0.39228,0.393103,0.394164,0.396054
1975$/kg,allansce1nz,Africa_Southern,Dairy,0.153689,0.191719,0.218137,0.279519,0.327857,0.399632,0.505177,0.592709,0.676186,0.767072,0.868874,0.955846,1.05435,1.07806,1.09177,1.10756,1.11715
1975$/kg,allansce1nz,Africa_Western,Dairy,0.319947,0.397069,0.463585,0.548965,0.733314,0.944837,1.17662,1.3432,1.5009,1.66918,1.83785,1.97678,2.13558,2.16642,2.1685,2.17777,2.18637
1975$/kg,allansce1nz,Argentina,Dairy,0.105359,0.108859,0.111879,0.117047,0.125517,0.134365,0.144971,0.153502,0.163249,0.174065,0.184654,0.193425,0.202788,0.202433,0.2019,0.201833,0.201834
1975$/kg,allansce1nz,Australia_NZ,Dairy,0.0926722,0.0951924,0.0973575,0.101247,0.107662,0.114356,0.121855,0.128351,0.136164,0.144504,0.152346,0.1587,0.165473,0.165241,0.165178,0.165567,0.165966
1975$/kg,allansce1nz,Brazil,Dairy,0.0952588,0.0983462,0.101086,0.105968,0.113589,0.120561,0.129421,0.135964,0.143139,0.150685,0.157713,0.163515,0.170062,0.16922,0.168144,0.167284,0.166394
1975$/kg,allansce1nz,Canada,Dairy,0.16602,0.169324,0.171782,0.176621,0.18459,0.19291,0.202988,0.211035,0.220117,0.229616,0.23877,0.246359,0.25474,0.254827,0.254619,0.254712,0.25483
1975$/kg,allansce1nz,Central America and Caribbean,Dairy,0.141201,0.149982,0.157328,0.167627,0.183228,0.200051,0.219784,0.234073,0.249745,0.266408,0.282315,0.295711,0.31045,0.311856,0.312585,0.313381,0.313869
1975$/kg,allansce1nz,Central Asia,Dairy,0.10673,0.110439,0.113138,0.117522,0.123867,0.130211,0.137813,0.14399,0.151037,0.158898,0.166708,0.173326,0.180475,0.181161,0.18139,0.181625,0.181649
1975$/kg,allansce1nz,China,Dairy,0.203612,0.211433,0.2181,0.227864,0.243968,0.261534,0.281518,0.291703,0.302042,0.312551,0.321925,0.328322,0.335287,0.329007,0.321608,0.314599,0.308487
1975$/kg,allansce1nz,Colombia,Dairy,0.0877426,0.0904553,0.0928062,0.0962654,0.101162,0.106605,0.113475,0.11866,0.124554,0.13095300000000001,0.137123,0.142643,0.148184,0.148159,0.147966,0.147753,0.147348
1975$/kg,allansce1nz,EU-12,Dairy,0.104886,0.10806,0.11025,0.114464,0.121577,0.12870500000000001,0.136979,0.143526,0.151148,0.159204,0.167008,0.173246,0.180154,0.179789,0.17922,0.178972,0.17886
1975$/kg,allansce1nz,EU-15,Dairy,0.11607,0.119809,0.121967,0.126014,0.133053,0.140117,0.148543,0.155392,0.163327,0.171747,0.179961,0.186719,0.194219,0.19422,0.193921,0.193889,0.193907
1975$/kg,allansce1nz,Europe_Eastern,Dairy,0.0719921,0.0754225,0.0779709,0.0823129,0.0893021,0.0965696,0.105109,0.111047,0.117847,0.124927,0.131659,0.137046,0.143085,0.14272,0.142129,0.141715,0.14126
1975$/kg,allansce1nz,Europe_Non_EU,Dairy,0.124123,0.135622,0.143805,0.156101,0.174352,0.19285,0.214835,0.23229,0.252392,0.274525,0.296073,0.314705,0.334807,0.335999,0.33555,0.335189,0.334484
1975$/kg,allansce1nz,European Free Trade Association,Dairy,0.184203,0.18996,0.1925,0.197726,0.208772,0.220491,0.2335,0.243265,0.254349,0.265502,0.2762,0.285369,0.295143,0.294787,0.2937,0.293222,0.292968
1975$/kg,allansce1nz,India,Dairy,0.0340164,0.0404007,0.0456582,0.0522666,0.0611894,0.0705547,0.0817624,0.0908114,0.101058,0.113186,0.124765,0.134639,0.145037,0.145927,0.14556,0.145163,0.144436
1975$/kg,allansce1nz,Indonesia,Dairy,0.11791,0.124739,0.131241,0.141404,0.158238,0.176505,0.198286,0.213252,0.229536,0.248424,0.266592,0.281687,0.299292,0.298914,0.29754,0.296207,0.294617
1975$/kg,allansce1nz,Japan,Dairy,0.234851,0.239459,0.242594,0.248499,0.258392,0.267342,0.278662,0.287205,0.297165,0.307772,0.318092,0.32681,0.336418,0.335898,0.335063,0.334657,0.334338
1975$/kg,allansce1nz,Mexico,Dairy,0.104226,0.106189,0.107611,0.110028,0.114316,0.119559,0.126192,0.131583,0.137659,0.143912,0.149798,0.154889,0.160593,0.161171,0.161401,0.1617,0.161998
1975$/kg,allansce1nz,Middle East,Dairy,0.195089,0.202264,0.206658,0.214029,0.225445,0.237262,0.253778,0.277752,0.330752,0.386963,0.425138,0.453435,0.484469,0.491365,0.491489,0.490947,0.490109
1975$/kg,allansce1nz,Pakistan,Dairy,0.0686674,0.0723334,0.075291,0.0794499,0.0851191,0.0923964,0.104559,0.116258,0.12665,0.137259,0.147286,0.155835,0.165086,0.166206,0.166457,0.166713,0.166674
1975$/kg,allansce1nz,Russia,Dairy,0.0980575,0.100653,0.103021,0.108581,0.118335,0.129167,0.141822,0.151082,0.16108,0.170692,0.180056,0.187553,0.196613,0.195898,0.194816,0.193906,0.192949
1975$/kg,allansce1nz,South Africa,Dairy,0.0946433,0.0963681,0.0982086,0.101894,0.109301,0.119114,0.129461,0.134093,0.140875,0.148938,0.156987,0.164256,0.172431,0.172227,0.171422,0.170376,0.169568
1975$/kg,allansce1nz,South America_Northern,Dairy,0.302349,0.308001,0.313981,0.323164,0.336015,0.349808,0.366416,0.380476,0.396362,0.413642,0.428702,0.44261,0.457846,0.459511,0.459894,0.460071,0.459961
1975$/kg,allansce1nz,South America_Southern,Dairy,0.107431,0.111214,0.114271,0.119462,0.127841,0.136334,0.147221,0.155979,0.165743,0.176183,0.186568,0.195379,0.204986,0.20589,0.20536,0.205342,0.20552
1975$/kg,allansce1nz,South Asia,Dairy,0.137621,0.145896,0.152535,0.16151,0.175227,0.189238,0.206825,0.223803,0.244853,0.269959,0.292743,0.311481,0.329782,0.333457,0.333632,0.333338,0.332294
1975$/kg,allansce1nz,South Korea,Dairy,0.560738,0.571955,0.580204,0.595479,0.623445,0.656894,0.699764,0.720096,0.744362,0.769686,0.793844,0.81608,0.841081,0.833502,0.824332,0.816387,0.809962
1975$/kg,allansce1nz,Southeast Asia,Dairy,0.124605,0.14145,0.155995,0.178999,0.212593,0.24663,0.285521,0.312418,0.341943,0.371742,0.399152,0.42161,0.446314,0.445845,0.443399,0.441427,0.439717
1975$/kg,allansce1nz,Taiwan,Dairy,0.199625,0.204588,0.209698,0.221281,0.240482,0.260191,0.283192,0.298333,0.314052,0.331505,0.349293,0.365099,0.38253,0.383429,0.382567,0.381282,0.380511
1975$/kg,allansce1nz,USA,Dairy,0.121228,0.123385,0.125108,0.128266,0.133864,0.140194,0.148086,0.153758,0.160282,0.167299,0.174217,0.180083,0.186708,0.186988,0.186896,0.186898,0.18694
1975$/kg,allansce2nz,Africa_Eastern,Dairy,0.231591,0.276278,0.319591,0.396184,0.493477,0.589695,0.690909,0.770591,0.853646,0.938393,1.021,1.09061,1.16748,1.17623,1.17985,1.1859,1.197
1975$/kg,allansce2nz,Africa_Northern,Dairy,0.174609,0.180507,0.187871,0.198834,0.216079,0.234333,0.25608,0.273937,0.294488,0.318071,0.343611,0.365605,0.388526,0.391107,0.391946,0.393041,0.394973
1975$/kg,allansce2nz,Africa_Southern,Dairy,0.15368,0.191648,0.218089,0.279358,0.327469,0.398751,0.503762,0.590944,0.673766,0.764002,0.865217,0.951828,1.04988,1.07373,1.08748,1.10331,1.11299
1975$/kg,allansce2nz,Africa_Western,Dairy,0.319901,0.396838,0.46331,0.548455,0.73218,0.94292,1.17353,1.33962,1.49625,1.66362,1.83145,1.96992,2.12818,2.15926,2.16131,2.17064,2.17929
1975$/kg,allansce2nz,Argentina,Dairy,0.105356,0.108841,0.111842,0.117,0.12543,0.134209,0.144708,0.153198,0.162874,0.173631,0.184176,0.192929,0.202263,0.201929,0.201413,0.20136,0.20137
1975$/kg,allansce2nz,Australia_NZ,Dairy,0.0926691,0.0951758,0.0973267,0.101208,0.107596,0.114243,0.121673,0.12814,0.135911,0.144211,0.152024,0.15837,0.165129,0.164908,0.164854,0.16525,0.165657
1975$/kg,allansce2nz,Brazil,Dairy,0.0952412,0.0983438,0.101097,0.106029,0.113669,0.120599,0.129402,0.135939,0.143088,0.150618,0.15764,0.163467,0.170014,0.169177,0.168101,0.167243,0.166357
1975$/kg,allansce2nz,Canada,Dairy,0.165979,0.169199,0.171599,0.176466,0.184478,0.192778,0.202803,0.210911,0.220051,0.229615,0.238853,0.246521,0.254975,0.255045,0.25483,0.254942,0.255091
1975$/kg,allansce2nz,Central America and Caribbean,Dairy,0.14115,0.14972,0.156878,0.166984,0.182306,0.198823,0.21818,0.232286,0.247724,0.26415,0.279845,0.293093,0.307634,0.309065,0.309778,0.310567,0.31106
1975$/kg,allansce2nz,Central Asia,Dairy,0.106726,0.110421,0.113107,0.117489,0.123809,0.130104,0.137626,0.143777,0.15078,0.158594,0.166368,0.172979,0.18011,0.180801,0.181035,0.181273,0.181301
1975$/kg,allansce2nz,China,Dairy,0.203603,0.211404,0.218028,0.22778,0.243796,0.261221,0.281,0.291131,0.301385,0.311825,0.321155,0.327564,0.334516,0.328277,0.320908,0.313932,0.307853
1975$/kg,allansce2nz,Colombia,Dairy,0.0877257,0.0903998,0.0927028,0.0960711,0.10077,0.105928,0.112383,0.117287,0.122841,0.128889,0.134742,0.14,0.145263,0.14526,0.145106,0.144941,0.1446
1975$/kg,allansce2nz,EU-12,Dairy,0.104882,0.10804,0.110207,0.114416,0.121493,0.128559,0.136737,0.14325,0.150826,0.158839,0.166612,0.172842,0.179734,0.179386,0.178827,0.178587,0.178483
1975$/kg,allansce2nz,EU-15,Dairy,0.116065,0.119781,0.121911,0.125954,0.132954,0.139953,0.148278,0.155093,0.162978,0.171353,0.179534,0.186284,0.193766,0.193783,0.193494,0.193469,0.193494
1975$/kg,allansce2nz,Europe_Eastern,Dairy,0.0719887,0.075399,0.0779199,0.082255,0.0892055,0.0964108,0.104861,0.110773,0.117534,0.12458,0.131288,0.136673,0.142703,0.142353,0.14177,0.141364,0.140919
1975$/kg,allansce2nz,Europe_Non_EU,Dairy,0.124113,0.135566,0.143691,0.155978,0.174147,0.192501,0.214268,0.231636,0.251593,0.273608,0.295043,0.313651,0.3337,0.334947,0.334524,0.334186,0.333499
1975$/kg,allansce2nz,European Free Trade Association,Dairy,0.184197,0.189925,0.192403,0.197645,0.208626,0.220244,0.23311,0.24284,0.253869,0.264972,0.275643,0.284813,0.294566,0.29423,0.29315,0.292687,0.292448
1975$/kg,allansce2nz,India,Dairy,0.0340051,0.0403824,0.0456292,0.0522358,0.0611304,0.0704402,0.0815559,0.0905637,0.100703,0.112776,0.124296,0.134153,0.144513,0.145435,0.145074,0.144685,0.143964
1975$/kg,allansce2nz,Indonesia,Dairy,0.117861,0.124576,0.130957,0.141023,0.157689,0.175786,0.197372,0.212277,0.228402,0.247163,0.265228,0.280263,0.297809,0.297458,0.296093,0.29477,0.293197
1975$/kg,allansce2nz,Japan,Dairy,0.234845,0.239434,0.242542,0.248442,0.258287,0.267149,0.278341,0.286835,0.296729,0.307276,0.31755100000000003,0.326257,0.335842,0.33534,0.334512,0.334115,0.333801
1975$/kg,allansce2nz,Mexico,Dairy,0.104219,0.106158,0.107551,0.10994,0.114163,0.119324,0.125844,0.131175,0.137186,0.143386,0.149222,0.154287,0.15995500000000001,0.160544,0.160775,0.161083,0.161367
1975$/kg,allansce2nz,Middle East,Dairy,0.195078,0.202229,0.2066,0.213968,0.22534,0.23706,0.253385,0.277026,0.329652,0.385078,0.423461,0.451693,0.482669,0.489588,0.489841,0.489332,0.48855
1975$/kg,allansce2nz,Pakistan,Dairy,0.0686616,0.0723192,0.0752673,0.0794202,0.085066,0.0922919,0.104334,0.115982,0.126335,0.136875,0.146874,0.155399,0.16464,0.165778,0.166033,0.166296,0.166264
1975$/kg,allansce2nz,Russia,Dairy,0.0980545,0.100638,0.102986,0.108537,0.118246,0.128998,0.141535,0.150755,0.160699,0.170254,0.179581,0.187069,0.196115,0.195417,0.194348,0.193454,0.192513
1975$/kg,allansce2nz,South Africa,Dairy,0.0946419,0.0963622,0.0981962,0.101879,0.109264,0.119028,0.129307,0.133918,0.140652,0.148671,0.156686,0.16394,0.172098,0.171909,0.17111,0.170071,0.169275
1975$/kg,allansce2nz,South America_Northern,Dairy,0.302568,0.308188,0.313966,0.322952,0.335643,0.349242,0.365603,0.379477,0.395132,0.412167,0.426807,0.440517,0.455741,0.457322,0.45762,0.457699,0.457515
1975$/kg,allansce2nz,South America_Southern,Dairy,0.107422,0.111177,0.114208,0.119386,0.127729,0.136152,0.146939,0.15567,0.165381,0.175771,0.186124,0.194932,0.204525,0.205455,0.204927,0.204911,0.2051
1975$/kg,allansce2nz,South Asia,Dairy,0.137604,0.145873,0.152497,0.161463,0.175142,0.189077,0.206532,0.223418,0.244204,0.269282,0.291915,0.310678,0.328893,0.332595,0.332803,0.332511,0.33147
1975$/kg,allansce2nz,South Korea,Dairy,0.560693,0.571869,0.580046,0.595302,0.623097,0.656225,0.698585,0.7188,0.742884,0.76803,0.792081,0.814317,0.83925,0.831754,0.822652,0.814773,0.80842
1975$/kg,allansce2nz,Southeast Asia,Dairy,0.124576,0.141356,0.155839,0.178811,0.212256,0.24605,0.284599,0.311393,0.34077,0.370446,0.397772,0.42022,0.444878,0.444473,0.442048,0.440105,0.438428
1975$/kg,allansce2nz,Taiwan,Dairy,0.199615,0.204562,0.209644,0.221206,0.240326,0.259909,0.28272,0.297799,0.313427,0.330782,0.348495,0.364283,0.381665,0.382603,0.381752,0.380487,0.379737
1975$/kg,allansce2nz,USA,Dairy,0.121225,0.123368,0.125074,0.128224,0.133787,0.140057,0.14786,0.153501,0.159979,0.166951,0.173838,0.179698,0.186306,0.186602,0.186517,0.186525,0.186574
1975$/kg,defaultnz,Africa_Eastern,Dairy,0.231276,0.275008,0.317345,0.391705,0.485316,0.576665,0.671193,0.746699,0.824723,0.901485,0.978621,1.04452,1.11614,1.12525,1.12912,1.135,1.14592
1975$/kg,defaultnz,Africa_Northern,Dairy,0.174515,0.179864,0.186803,0.197166,0.213304,0.230091,0.249715,0.26626,0.28519,0.306401,0.330003,0.350912,0.372222,0.375069,0.376143,0.377293,0.379243
1975$/kg,defaultnz,Africa_Southern,Dairy,0.153478,0.190537,0.216141,0.274734,0.319174,0.383987,0.479173,0.557068,0.630688,0.707726,0.79721,0.875394,0.962973,0.987018,1.00169,1.01762,1.0281
1975$/kg,defaultnz,Africa_Western,Dairy,0.319574,0.394617,0.459702,0.541676,0.718312,0.921176,1.1412,1.30053,1.44844,1.59904,1.75545,1.88559,2.03303,2.06505,2.06721,2.07632,2.08468
1975$/kg,defaultnz,Argentina,Dairy,0.105302,0.108535,0.11131,0.116123,0.123877,0.131838,0.141202,0.148991,0.157824,0.167445,0.177208,0.18543,0.194047,0.193894,0.193579,0.193616,0.193692
1975$/kg,defaultnz,Australia_NZ,Dairy,0.0926204,0.0949218,0.0968886,0.100466,0.106294,0.112279,0.118835,0.124722,0.131826,0.139347,0.146582,0.152551,0.15882,0.15863,0.15865,0.159087,0.159522
1975$/kg,defaultnz,Brazil,Dairy,0.0952123,0.0981897,0.100835,0.105598,0.112882,0.11927,0.127308,0.133441,0.140117,0.146962,0.153572,0.159261,0.165434,0.164679,0.163695,0.162904,0.162102
1975$/kg,defaultnz,Canada,Dairy,0.165922,0.168871,0.171037,0.175583,0.183019,0.190549,0.199545,0.207057,0.215518,0.224244,0.232879,0.240158,0.24803,0.248203,0.248102,0.24827,0.248472
1975$/kg,defaultnz,Central America and Caribbean,Dairy,0.140968,0.148686,0.155067,0.164091,0.177696,0.192333,0.209311,0.222095,0.236034,0.250512,0.264833,0.277153,0.290378,0.291954,0.292725,0.293522,0.294064
1975$/kg,defaultnz,Central Asia,Dairy,0.106689,0.110181,0.112706,0.116875,0.122794,0.128573,0.135349,0.141039,0.147499,0.15454,0.161748,0.168035,0.174759,0.175477,0.175773,0.176037,0.176112
1975$/kg,defaultnz,China,Dairy,0.203325,0.210452,0.216424,0.225363,0.239875,0.255614,0.273273,0.282554,0.29186,0.301064,0.309791,0.31617,0.322798,0.317356,0.310652,0.304238,0.298681
1975$/kg,defaultnz,Colombia,Dairy,0.0877055,0.0902724,0.0924712,0.0956655,0.0999824,0.1046,0.110264,0.11471,0.119684,0.124955,0.130269,0.135089,0.139848,0.139965,0.139913,0.139814,0.139547
1975$/kg,defaultnz,EU-12,Dairy,0.104835,0.107684,0.109631,0.113555,0.120084,0.126499,0.133761,0.139737,0.146688,0.153959,0.161204,0.167129,0.173546,0.17335,0.172937,0.172759,0.172698
1975$/kg,defaultnz,EU-15,Dairy,0.116018,0.119343,0.121219,0.12494,0.131333,0.137634,0.144976,0.151221,0.158444,0.166027,0.17365,0.180075,0.187046,0.187205,0.187056,0.187093,0.18717
1975$/kg,defaultnz,Europe_Eastern,Dairy,0.0719559,0.0751477,0.0774738,0.0815708,0.088047,0.0946773,0.10233,0.107815,0.114083,0.120535,0.126854,0.132043,0.137738,0.137504,0.137038,0.136689,0.136301
1975$/kg,defaultnz,Europe_Non_EU,Dairy,0.123947,0.134655,0.142252,0.153984,0.17113,0.188172,0.208002,0.224395,0.242922,0.263025,0.283175,0.300774,0.319404,0.321044,0.321012,0.320794,0.32023
1975$/kg,defaultnz,European Free Trade Association,Dairy,0.184132,0.189274,0.191334,0.19609,0.205943,0.216418,0.227862,0.236873,0.247117,0.257281,0.26736,0.276208,0.28536,0.285195,0.284228,0.28384,0.283708
1975$/kg,defaultnz,India,Dairy,0.03397,0.0401667,0.0452677,0.0516647,0.0601574,0.0689411,0.079239,0.0877274,0.0970944,0.107774,0.118509,0.127951,0.137596,0.138641,0.138413,0.138086,0.13744
1975$/kg,defaultnz,Indonesia,Dairy,0.117764,0.124095,0.130073,0.139491,0.154806,0.171337,0.190963,0.204867,0.219692,0.235985,0.252575,0.266583,0.282808,0.282663,0.281491,0.280285,0.278853
1975$/kg,defaultnz,Japan,Dairy,0.234803,0.238952,0.241707,0.247155,0.256165,0.264208,0.27425,0.282032,0.291085,0.300574,0.310076,0.318365,0.327317,0.326945,0.326231,0.325851,0.325585
1975$/kg,defaultnz,Mexico,Dairy,0.104176,0.105896,0.107071,0.109106,0.112677,0.117129,0.122742,0.127534,0.132812,0.138262,0.143502,0.148192,0.153296,0.153928,0.154195,0.1545,0.154728
1975$/kg,defaultnz,Middle East,Dairy,0.194997,0.201808,0.205947,0.213005,0.223753,0.234567,0.249315,0.270083,0.318318,0.367165,0.406106,0.432971,0.462096,0.469145,0.470731,0.470671,0.470219
1975$/kg,defaultnz,Pakistan,Dairy,0.0686364,0.0721639,0.0750071,0.0789938,0.0843012,0.0909791,0.101831,0.112886,0.122758,0.132269,0.141702,0.149795,0.158457,0.159751,0.160075,0.160357,0.160364
1975$/kg,defaultnz,Russia,Dairy,0.0980296,0.100427,0.102613,0.107925,0.117082,0.127112,0.138654,0.147354,0.156683,0.165432,0.174257,0.181489,0.19012,0.189573,0.18867,0.187881,0.187066
1975$/kg,defaultnz,South Africa,Dairy,0.0946179,0.0962384,0.0979674,0.101483,0.108449,0.117526,0.126919,0.131047,0.137104,0.144268,0.151606,0.158379,0.16595,0.16586,0.165142,0.16416,0.163462
1975$/kg,defaultnz,South America_Northern,Dairy,0.302884,0.308081,0.313411,0.321667,0.33314,0.345244,0.359562,0.372013,0.386004,0.40097,0.414225,0.426607,0.440718,0.442345,0.442731,0.442822,0.442717
1975$/kg,defaultnz,South America_Southern,Dairy,0.107372,0.110858,0.113683,0.118558,0.126315,0.133992,0.143748,0.151841,0.160799,0.170129,0.179758,0.188114,0.19707,0.19811,0.197715,0.197749,0.197987
1975$/kg,defaultnz,South Asia,Dairy,0.13755,0.145551,0.151952,0.16059,0.17367,0.186875,0.203127,0.218969,0.237854,0.260928,0.281917,0.300459,0.31752,0.320964,0.321422,0.321138,0.320144
1975$/kg,defaultnz,South Korea,Dairy,0.560493,0.570682,0.578035,0.592065,0.617039,0.646088,0.682768,0.700708,0.722078,0.744229,0.766382,0.787722,0.810863,0.804591,0.796666,0.789692,0.784204
1975$/kg,defaultnz,Southeast Asia,Dairy,0.1243,0.140022,0.153559,0.175155,0.206343,0.237598,0.27284,0.297896,0.325641,0.352999,0.378942,0.40062,0.423943,0.424065,0.42199,0.420282,0.418888
1975$/kg,defaultnz,Taiwan,Dairy,0.199563,0.204243,0.209057,0.220164,0.238394,0.256896,0.278137,0.292356,0.306996,0.322929,0.339634,0.354886,0.371321,0.37249,0.371836,0.370702,0.370087
1975$/kg,defaultnz,USA,Dairy,0.1212,0.123179,0.124751,0.127701,0.132823,0.138518,0.145504,0.150695,0.156633,0.162946,0.169392,0.175017,0.181231,0.181635,0.181637,0.18167,0.181756
