Units,scenario,region,gcam-consumer,nodeinput,input,2020,2025,2030,2035,2040,2045,2050,2055,2060,2065,2070,2075,2080,2085,2090,2095,2100
2005$/Mcal/day,30perc,Africa_Eastern,FoodDemand,FoodDemand,FoodDemand_NonStaples,0.278344,0.28746,0.297569,0.308818,0.321024,0.333926,0.346255,0.359308,0.370113,0.37873,0.385248,0.390129,0.393778,0.396439,0.398237,0.399291,0.399659
2005$/Mcal/day,30perc,Africa_Northern,FoodDemand,FoodDemand,FoodDemand_NonStaples,0.307449,0.309469,0.310941,0.312803,0.314773,0.316834,0.318521,0.320849,0.322709,0.324264,0.325377,0.326285,0.326952,0.327429,0.327842,0.328358,0.328781
2005$/Mcal/day,30perc,Africa_Southern,FoodDemand,FoodDemand,FoodDemand_NonStaples,0.228177,0.231344,0.234437,0.237738,0.241009,0.244313,0.247259,0.250968,0.254213,0.257072,0.259468,0.261421,0.262993,0.264183,0.265008,0.265546,0.265842
2005$/Mcal/day,30perc,Africa_Western,FoodDemand,FoodDemand,FoodDemand_NonStaples,0.249908,0.253637,0.257769,0.26161,0.265333,0.269092,0.272506,0.277232,0.28148,0.285335,0.288693,0.29155,0.293933,0.295833,0.297245,0.298274,0.298886
2005$/Mcal/day,30perc,Argentina,FoodDemand,FoodDemand,FoodDemand_NonStaples,0.267769,0.274325,0.280116,0.285696,0.290883,0.295859,0.300078,0.30447,0.308098,0.31124,0.313746,0.315738,0.317294,0.318412,0.319068,0.319297,0.319069
2005$/Mcal/day,30perc,Australia_NZ,FoodDemand,FoodDemand,FoodDemand_NonStaples,0.278863,0.281537,0.283537,0.285674,0.287619,0.289447,0.29096,0.293227,0.29502,0.296498,0.29762,0.298437,0.299006,0.299325,0.299432,0.299388,0.299158
2005$/Mcal/day,30perc,Brazil,FoodDemand,FoodDemand,FoodDemand_NonStaples,0.145188,0.147529,0.149526,0.151476,0.153249,0.154964,0.156377,0.158019,0.159384,0.160553,0.161472,0.162164,0.162654,0.162939,0.16303,0.162977,0.162756
2005$/Mcal/day,30perc,Canada,FoodDemand,FoodDemand,FoodDemand_NonStaples,0.253059,0.255297,0.25687,0.258644,0.260314,0.26206,0.263527,0.265709,0.267444,0.268902,0.270021,0.270891,0.271508,0.271846,0.27196,0.271917,0.271662
2005$/Mcal/day,30perc,Central America and Caribbean,FoodDemand,FoodDemand,FoodDemand_NonStaples,0.191882,0.194044,0.195716,0.197563,0.199357,0.201204,0.202764,0.204783,0.206435,0.207878,0.209045,0.209959,0.210664,0.211144,0.211407,0.211518,0.211448
2005$/Mcal/day,30perc,Central Asia,FoodDemand,FoodDemand,FoodDemand_NonStaples,0.248405,0.250649,0.252299,0.25375,0.255031,0.256198,0.257051,0.258271,0.25924,0.260086,0.260719,0.261105,0.261311,0.261367,0.261319,0.261195,0.260904
2005$/Mcal/day,30perc,China,FoodDemand,FoodDemand,FoodDemand_NonStaples,0.48754,0.491637,0.494239,0.496375,0.497855,0.498886,0.499099,0.499508,0.499317,0.498763,0.497786,0.496434,0.494909,0.493263,0.491617,0.490056,0.488471
2005$/Mcal/day,30perc,Colombia,FoodDemand,FoodDemand,FoodDemand_NonStaples,0.180227,0.182248,0.183901,0.185583,0.187229,0.188896,0.190268,0.191845,0.193103,0.19417,0.19498,0.195559,0.195959,0.196184,0.196256,0.196203,0.196005
2005$/Mcal/day,30perc,EU-12,FoodDemand,FoodDemand,FoodDemand_NonStaples,0.184559,0.186019,0.186795,0.187753,0.188649,0.189584,0.190275,0.191517,0.192493,0.193323,0.193928,0.194345,0.194628,0.194759,0.194752,0.194656,0.194409
2005$/Mcal/day,30perc,EU-15,FoodDemand,FoodDemand,FoodDemand_NonStaples,0.251447,0.253417,0.254589,0.256042,0.257409,0.258797,0.259859,0.261634,0.263053,0.264239,0.265144,0.265816,0.266302,0.266563,0.266616,0.26653,0.266257
2005$/Mcal/day,30perc,Europe_Eastern,FoodDemand,FoodDemand,FoodDemand_NonStaples,0.167558,0.169227,0.170466,0.171783,0.17307,0.174442,0.175568,0.176911,0.178003,0.178973,0.179665,0.18013,0.180466,0.180652,0.180711,0.180697,0.180525
2005$/Mcal/day,30perc,Europe_Non_EU,FoodDemand,FoodDemand,FoodDemand_NonStaples,0.265071,0.269713,0.273151,0.276634,0.279904,0.283178,0.285877,0.289054,0.291484,0.293436,0.294805,0.295676,0.29617,0.296317,0.296112,0.295657,0.294876
2005$/Mcal/day,30perc,European Free Trade Association,FoodDemand,FoodDemand,FoodDemand_NonStaples,0.345768,0.348295,0.350117,0.352303,0.354204,0.356119,0.357752,0.360097,0.362051,0.363723,0.365054,0.366037,0.366775,0.367186,0.367316,0.367265,0.366957
2005$/Mcal/day,30perc,India,FoodDemand,FoodDemand,FoodDemand_NonStaples,0.117084,0.120529,0.123373,0.126258,0.129123,0.131863,0.134216,0.136905,0.13918,0.14103,0.142435,0.143414,0.143995,0.144189,0.144045,0.143594,0.142863
2005$/Mcal/day,30perc,Indonesia,FoodDemand,FoodDemand,FoodDemand_NonStaples,0.291031,0.294106,0.296748,0.299098,0.301359,0.303525,0.305209,0.3071,0.30841,0.309334,0.309816,0.309993,0.309974,0.309776,0.309419,0.308936,0.30831
2005$/Mcal/day,30perc,Japan,FoodDemand,FoodDemand,FoodDemand_NonStaples,0.585068,0.58806,0.590206,0.593263,0.596275,0.599402,0.601944,0.606076,0.609648,0.612829,0.615521,0.617713,0.619416,0.620536,0.621112,0.621333,0.621087
2005$/Mcal/day,30perc,Mexico,FoodDemand,FoodDemand,FoodDemand_NonStaples,0.212842,0.214775,0.216302,0.218148,0.219867,0.221597,0.223077,0.224956,0.226517,0.227931,0.229107,0.230062,0.230817,0.231352,0.231693,0.231885,0.231894
2005$/Mcal/day,30perc,Middle East,FoodDemand,FoodDemand,FoodDemand_NonStaples,0.27951,0.281904,0.283659,0.285602,0.287462,0.289288,0.290693,0.29318,0.295111,0.296652,0.297812,0.298639,0.299099,0.299246,0.299102,0.298787,0.298241
2005$/Mcal/day,30perc,Pakistan,FoodDemand,FoodDemand,FoodDemand_NonStaples,0.115728,0.118761,0.121343,0.123939,0.126668,0.129825,0.133083,0.137198,0.142118,0.146443,0.149867,0.152751,0.155001,0.156712,0.157932,0.158692,0.158994
2005$/Mcal/day,30perc,Russia,FoodDemand,FoodDemand,FoodDemand_NonStaples,0.234562,0.235214,0.235708,0.236479,0.237265,0.23806,0.23867,0.239545,0.240236,0.240818,0.241229,0.24147,0.241587,0.241579,0.241473,0.241312,0.241029
2005$/Mcal/day,30perc,South Africa,FoodDemand,FoodDemand,FoodDemand_NonStaples,0.196719,0.198136,0.199634,0.201217,0.20269,0.204067,0.205228,0.206473,0.207514,0.208412,0.209095,0.209594,0.209961,0.210215,0.210323,0.210316,0.210159
2005$/Mcal/day,30perc,South America_Northern,FoodDemand,FoodDemand,FoodDemand_NonStaples,0.490516,0.492374,0.495238,0.49873,0.502466,0.506563,0.510168,0.514808,0.518858,0.522502,0.525494,0.527883,0.529772,0.531147,0.532023,0.532518,0.532523
2005$/Mcal/day,30perc,South America_Southern,FoodDemand,FoodDemand,FoodDemand_NonStaples,0.271309,0.273608,0.275322,0.27718,0.278919,0.280681,0.28213,0.284175,0.285889,0.287412,0.288639,0.289583,0.290309,0.290791,0.291048,0.29114,0.291017
2005$/Mcal/day,30perc,South Asia,FoodDemand,FoodDemand,FoodDemand_NonStaples,0.263206,0.267187,0.270574,0.274212,0.277984,0.281548,0.284617,0.288265,0.291326,0.29388,0.295896,0.297441,0.298614,0.299418,0.299891,0.300098,0.300006
2005$/Mcal/day,30perc,South Korea,FoodDemand,FoodDemand,FoodDemand_NonStaples,0.823957,0.827089,0.829521,0.83311,0.836735,0.840514,0.843637,0.848572,0.852755,0.856376,0.859336,0.861636,0.863311,0.864314,0.864716,0.864731,0.864251
2005$/Mcal/day,30perc,Southeast Asia,FoodDemand,FoodDemand,FoodDemand_NonStaples,0.28721,0.289046,0.290352,0.291636,0.292867,0.294122,0.29507100000000003,0.296529,0.297636,0.298512,0.299116,0.299504,0.299732,0.299793,0.299705,0.299506,0.299176
2005$/Mcal/day,30perc,Taiwan,FoodDemand,FoodDemand,FoodDemand_NonStaples,0.267902,0.269017,0.269637,0.270528,0.271494,0.272632,0.27347900000000003,0.274831,0.275875,0.276786,0.277435,0.27788,0.27819,0.278348,0.278352,0.27826,0.27802
2005$/Mcal/day,30perc,USA,FoodDemand,FoodDemand,FoodDemand_NonStaples,0.280169,0.282479,0.284293,0.286251,0.287922,0.289476,0.290732,0.292642,0.294256,0.295644,0.29686,0.297868,0.298595,0.298981,0.29907,0.298984,0.29871
2005$/Mcal/day,30percnz,Africa_Eastern,FoodDemand,FoodDemand,FoodDemand_NonStaples,0.279468,0.314226,0.345218,0.396255,0.453122,0.503884,0.56003,0.608968,0.664929,0.722035,0.779141,0.826721,0.880484,0.877404,0.871386,0.868014,0.864941
2005$/Mcal/day,30percnz,Africa_Northern,FoodDemand,FoodDemand,FoodDemand_NonStaples,0.309397,0.317567,0.324912,0.338219,0.358955,0.38035,0.404868,0.423561,0.444001,0.46499,0.485639,0.501871,0.519144,0.516155,0.512502,0.509755,0.507618
2005$/Mcal/day,30percnz,Africa_Southern,FoodDemand,FoodDemand,FoodDemand_NonStaples,0.229334,0.249324,0.259941,0.28158,0.303895,0.332343,0.378442,0.421957,0.46371,0.503541,0.545363,0.577464,0.613186,0.611799,0.607148,0.604563,0.601259
2005$/Mcal/day,30percnz,Africa_Western,FoodDemand,FoodDemand,FoodDemand_NonStaples,0.250654,0.270994,0.284796,0.302368,0.337601,0.383374,0.446612,0.501882,0.558269,0.613752,0.668167,0.710222,0.758094,0.758186,0.747431,0.740477,0.73568
2005$/Mcal/day,30percnz,Argentina,FoodDemand,FoodDemand,FoodDemand_NonStaples,0.268715,0.281782,0.293187,0.312709,0.344142,0.376451,0.414736,0.445205,0.479967,0.517445,0.553249,0.582428,0.613019,0.610076,0.607002,0.605819,0.605178
2005$/Mcal/day,30percnz,Australia_NZ,FoodDemand,FoodDemand,FoodDemand_NonStaples,0.280284,0.289721,0.296523,0.309533,0.330966,0.353214,0.378204,0.397215,0.419255,0.442079,0.463106,0.479756,0.497736,0.494195,0.490576,0.488378,0.48674
2005$/Mcal/day,30percnz,Brazil,FoodDemand,FoodDemand,FoodDemand_NonStaples,0.146214,0.153625,0.160721,0.17527,0.198503,0.21869,0.245492,0.265143,0.28696,0.309429,0.329878,0.346588,0.365876,0.361328,0.356554,0.352725,0.34902300000000003
2005$/Mcal/day,30percnz,Canada,FoodDemand,FoodDemand,FoodDemand_NonStaples,0.254577,0.263759,0.270405,0.283845,0.305917,0.328483,0.355925,0.376526,0.399484,0.423171,0.445752,0.464201,0.484444,0.482236,0.479109,0.477027,0.475422
2005$/Mcal/day,30percnz,Central America and Caribbean,FoodDemand,FoodDemand,FoodDemand_NonStaples,0.192906,0.199929,0.205088,0.21454,0.229706,0.245501,0.263906,0.277813,0.293198,0.308997,0.323968,0.336389,0.350055,0.350138,0.348513,0.347493,0.346522
2005$/Mcal/day,30percnz,Central Asia,FoodDemand,FoodDemand,FoodDemand_NonStaples,0.249191,0.255828,0.260776,0.268938,0.280938,0.29313,0.307536,0.31893,0.332088,0.346607,0.360884,0.372957,0.385909,0.385782,0.384952,0.38427,0.383457
2005$/Mcal/day,30percnz,China,FoodDemand,FoodDemand,FoodDemand_NonStaples,0.488915,0.498684,0.505955,0.518278,0.53852,0.559671,0.584299,0.598405,0.613103,0.627746,0.641066,0.650843,0.661807,0.655608,0.648399,0.641915,0.636384
2005$/Mcal/day,30percnz,Colombia,FoodDemand,FoodDemand,FoodDemand_NonStaples,0.180955,0.185931,0.190158,0.197189,0.208063,0.22026,0.235713,0.246395,0.258488,0.270883,0.282198,0.292637,0.302721,0.301112,0.299594,0.298337,0.296875
2005$/Mcal/day,30percnz,EU-12,FoodDemand,FoodDemand,FoodDemand_NonStaples,0.185887,0.192072,0.196019,0.204171,0.217759,0.230408,0.244544,0.255043,0.26682,0.278551,0.289152,0.297169,0.305697,0.304537,0.302777,0.301425,0.300363
2005$/Mcal/day,30percnz,EU-15,FoodDemand,FoodDemand,FoodDemand_NonStaples,0.252928,0.260993,0.266226,0.276817,0.294577,0.312077,0.33286,0.34787,0.364511,0.381366,0.397136,0.409769,0.423493,0.421943,0.419455,0.417544,0.415989
2005$/Mcal/day,30percnz,Europe_Eastern,FoodDemand,FoodDemand,FoodDemand_NonStaples,0.168374,0.175119,0.179279,0.186988,0.199228,0.211743,0.226332,0.236268,0.247314,0.258551,0.269046,0.277201,0.286299,0.284616,0.282431,0.280567,0.278761
2005$/Mcal/day,30percnz,Europe_Non_EU,FoodDemand,FoodDemand,FoodDemand_NonStaples,0.266375,0.280283,0.290585,0.30908,0.339814,0.372997,0.413061,0.442017,0.471451,0.501296,0.529292,0.551892,0.577662,0.573301,0.567534,0.562539,0.557717
2005$/Mcal/day,30percnz,European Free Trade Association,FoodDemand,FoodDemand,FoodDemand_NonStaples,0.347592,0.357699,0.363961,0.37671,0.399233,0.421768,0.447928,0.466744,0.487367,0.507913,0.527242,0.543134,0.560298,0.557819,0.554151,0.55151,0.549395
2005$/Mcal/day,30percnz,India,FoodDemand,FoodDemand,FoodDemand_NonStaples,0.117637,0.123754,0.128987,0.136751,0.14891,0.162791,0.178636,0.190015,0.204072,0.219224,0.233472,0.24518,0.257371,0.255144,0.251662,0.248664,0.245564
2005$/Mcal/day,30percnz,Indonesia,FoodDemand,FoodDemand,FoodDemand_NonStaples,0.292598,0.30043,0.307046,0.317797,0.335612,0.354669,0.378349,0.393587,0.410037,0.428028,0.44466,0.457742,0.473705,0.470345,0.466329,0.462815,0.459648
2005$/Mcal/day,30percnz,Japan,FoodDemand,FoodDemand,FoodDemand_NonStaples,0.589071,0.604812,0.616294,0.639875,0.675488,0.70633,0.740004,0.763153,0.786934,0.809544,0.82944,0.845346,0.86146,0.859395,0.856305,0.853914,0.851807
2005$/Mcal/day,30percnz,Mexico,FoodDemand,FoodDemand,FoodDemand_NonStaples,0.213916,0.219884,0.224108,0.231877,0.245169,0.260112,0.278832,0.293196,0.309069,0.325469,0.340553,0.353261,0.367202,0.367253,0.366525,0.366148,0.365607
2005$/Mcal/day,30percnz,Middle East,FoodDemand,FoodDemand,FoodDemand_NonStaples,0.281346,0.292781,0.301197,0.317079,0.34246,0.36719,0.397847,0.421171,0.449243,0.476534,0.501277,0.521003,0.543247,0.539639,0.534449,0.530235,0.526613
2005$/Mcal/day,30percnz,Pakistan,FoodDemand,FoodDemand,FoodDemand_NonStaples,0.116345,0.121529,0.125767,0.131364,0.138879,0.149069,0.16745,0.186676,0.20367,0.220715,0.236991,0.250897,0.265423,0.267742,0.268549,0.269258,0.269386
2005$/Mcal/day,30percnz,Russia,FoodDemand,FoodDemand,FoodDemand_NonStaples,0.235514,0.240293,0.244206,0.253104,0.268244,0.284314,0.302797,0.315924,0.330096,0.343965,0.357222,0.367728,0.38005100000000003,0.378464,0.376334,0.374527,0.372743
2005$/Mcal/day,30percnz,South Africa,FoodDemand,FoodDemand,FoodDemand_NonStaples,0.197354,0.201532,0.205358,0.213442,0.229122,0.249096,0.270835,0.281688,0.296464,0.313463,0.330139,0.344956,0.36172,0.360605,0.358339,0.355832,0.353787
2005$/Mcal/day,30percnz,South America_Northern,FoodDemand,FoodDemand,FoodDemand_NonStaples,0.494917,0.506807,0.518007,0.540388,0.574683,0.608088,0.648586,0.681102,0.717886,0.757587,0.792516,0.824118,0.859713,0.861292,0.860248,0.859279,0.858046
2005$/Mcal/day,30percnz,South America_Southern,FoodDemand,FoodDemand,FoodDemand_NonStaples,0.272697,0.280408,0.286574,0.298298,0.317274,0.335867,0.359786,0.378882,0.400149,0.421971,0.44333,0.461102,0.480426,0.48063,0.47752,0.475801,0.474907
2005$/Mcal/day,30percnz,South Asia,FoodDemand,FoodDemand,FoodDemand_NonStaples,0.263887,0.272597,0.279808,0.291989,0.310316,0.329277,0.351469,0.370082,0.391085,0.414073,0.435459,0.453174,0.472551,0.472353,0.470651,0.469521,0.468419
2005$/Mcal/day,30percnz,South Korea,FoodDemand,FoodDemand,FoodDemand_NonStaples,0.828075,0.846916,0.860886,0.889589,0.933095,0.973635,1.02233,1.05928,1.10061,1.14369,1.18511,1.22008,1.25808,1.2546,1.24869,1.24388,1.23974
2005$/Mcal/day,30percnz,Southeast Asia,FoodDemand,FoodDemand,FoodDemand_NonStaples,0.288134,0.294826,0.299606,0.308166,0.321638,0.335641,0.352608,0.364527,0.377808,0.391455,0.404386,0.415148,0.42726,0.425908,0.423657,0.421829,0.420316
2005$/Mcal/day,30percnz,Taiwan,FoodDemand,FoodDemand,FoodDemand_NonStaples,0.269424,0.275368,0.279694,0.2892,0.305147,0.320443,0.339276,0.352388,0.366419,0.38106,0.395045,0.406994,0.420494,0.418988,0.41665,0.414662,0.413003
2005$/Mcal/day,30percnz,USA,FoodDemand,FoodDemand,FoodDemand_NonStaples,0.281521,0.289091,0.294862,0.305691,0.324531,0.345551,0.371773,0.389661,0.409915,0.431059,0.451515,0.468512,0.487617,0.486547,0.48406,0.481993,0.480405
2005$/Mcal/day,allansce1,Africa_Eastern,FoodDemand,FoodDemand,FoodDemand_NonStaples,0.277955,0.286457,0.295735,0.305982,0.317095,0.328967,0.340656,0.353539,0.364756,0.374078,0.381359,0.386916,0.391084,0.394106,0.396167,0.397446,0.397981
2005$/Mcal/day,allansce1,Africa_Northern,FoodDemand,FoodDemand,FoodDemand_NonStaples,0.307431,0.309439,0.310885,0.312709,0.314636,0.316644,0.318283,0.320551,0.322366,0.323884,0.324978,0.325873,0.326538,0.327017,0.327431,0.327946,0.32837
2005$/Mcal/day,allansce1,Africa_Southern,FoodDemand,FoodDemand,FoodDemand_NonStaples,0.228169,0.23134,0.234429,0.237724,0.240983,0.24427,0.247199,0.250885,0.254116,0.256963,0.259354,0.261307,0.262881,0.264072,0.264895,0.265435,0.265732
2005$/Mcal/day,allansce1,Africa_Western,FoodDemand,FoodDemand,FoodDemand_NonStaples,0.249842,0.253433,0.257415,0.261109,0.264702,0.268341,0.271664,0.276277,0.28045,0.284252,0.287567,0.290401,0.292773,0.294665,0.296073,0.297112,0.297742
2005$/Mcal/day,allansce1,Argentina,FoodDemand,FoodDemand,FoodDemand_NonStaples,0.267623,0.273956,0.279521,0.284865,0.289801,0.294511,0.298482,0.302615,0.306037,0.309006,0.31139,0.313299,0.314801,0.315889,0.31654,0.31679,0.316612
2005$/Mcal/day,allansce1,Australia_NZ,FoodDemand,FoodDemand,FoodDemand_NonStaples,0.278831,0.28148,0.283456,0.285565,0.287483,0.289279,0.290766,0.293,0.294779,0.296257,0.297395,0.298241,0.298846,0.299202,0.299346,0.299337,0.29914
2005$/Mcal/day,allansce1,Brazil,FoodDemand,FoodDemand,FoodDemand_NonStaples,0.145181,0.14753,0.149535,0.151497,0.153278,0.154999,0.156418,0.158058,0.159423,0.160589,0.161505,0.162193,0.162678,0.162956,0.163037,0.162973,0.162743
2005$/Mcal/day,allansce1,Canada,FoodDemand,FoodDemand,FoodDemand_NonStaples,0.253109,0.255426,0.257057,0.258883,0.260597,0.262386,0.263884,0.266083,0.267853,0.269352,0.270519,0.271446,0.272119,0.272506,0.272659,0.272646,0.272412
2005$/Mcal/day,allansce1,Central America and Caribbean,FoodDemand,FoodDemand,FoodDemand_NonStaples,0.191903,0.194115,0.195823,0.197704,0.199519,0.201383,0.202952,0.204975,0.206631,0.208085,0.209259,0.210182,0.210895,0.211381,0.211648,0.211763,0.211691
2005$/Mcal/day,allansce1,Central Asia,FoodDemand,FoodDemand,FoodDemand_NonStaples,0.248354,0.250536,0.252125,0.253508,0.254721,0.255815,0.256602,0.257753,0.258668,0.25947,0.260075,0.260445,0.260639,0.26069,0.260645,0.260532,0.260256
2005$/Mcal/day,allansce1,China,FoodDemand,FoodDemand,FoodDemand_NonStaples,0.487308,0.491169,0.493596,0.4956,0.496995,0.497977,0.498182,0.49859,0.498442,0.497948,0.497053,0.495797,0.49437,0.492824,0.491278,0.489808,0.488311
2005$/Mcal/day,allansce1,Colombia,FoodDemand,FoodDemand,FoodDemand_NonStaples,0.18021,0.18221300000000001,0.183844,0.185502,0.187123,0.188762,0.19011,0.19166,0.192899,0.193949,0.19475,0.195323,0.195719,0.195944,0.196016,0.195967,0.195775
2005$/Mcal/day,allansce1,EU-12,FoodDemand,FoodDemand,FoodDemand_NonStaples,0.184551,0.186022,0.18679,0.187737,0.188615,0.189528,0.190197,0.191405,0.192358,0.193169,0.193763,0.194176,0.194458,0.19459,0.194587,0.194496,0.194257
2005$/Mcal/day,allansce1,EU-15,FoodDemand,FoodDemand,FoodDemand_NonStaples,0.251437,0.253423,0.254587,0.256025,0.257369,0.258727,0.259756,0.26149,0.262879,0.264041,0.264934,0.265603,0.266091,0.266357,0.266417,0.26634,0.266079
2005$/Mcal/day,allansce1,Europe_Eastern,FoodDemand,FoodDemand,FoodDemand_NonStaples,0.167499,0.1691,0.170274,0.171524,0.172742,0.174044,0.175104,0.176373,0.177412,0.178341,0.179009,0.17946,0.17979,0.179977,0.180041,0.180041,0.17989
2005$/Mcal/day,allansce1,Europe_Non_EU,FoodDemand,FoodDemand,FoodDemand_NonStaples,0.264967,0.269455,0.272753,0.276087,0.279213,0.282341,0.284909,0.287941,0.290259,0.292123,0.29343,0.294274,0.294753,0.294906,0.294716,0.294298,0.293567
2005$/Mcal/day,allansce1,European Free Trade Association,FoodDemand,FoodDemand,FoodDemand_NonStaples,0.345749,0.348238,0.350029,0.352178,0.354035,0.355902,0.357488,0.359772,0.361682,0.363318,0.364625,0.365598,0.366322,0.366731,0.366862,0.366817,0.366522
2005$/Mcal/day,allansce1,India,FoodDemand,FoodDemand,FoodDemand_NonStaples,0.117012,0.120357,0.123097,0.125856,0.128585,0.13118,0.133406,0.135947,0.138098,0.13985,0.141181,0.142125,0.142685,0.142887,0.142773,0.142372,0.141713
2005$/Mcal/day,allansce1,Indonesia,FoodDemand,FoodDemand,FoodDemand_NonStaples,0.290989,0.29403,0.296632,0.298942,0.301161,0.303281,0.304925,0.306773,0.308055,0.30896,0.309433,0.309609,0.309594,0.309402,0.309051,0.308579,0.307968
2005$/Mcal/day,allansce1,Japan,FoodDemand,FoodDemand,FoodDemand_NonStaples,0.585091,0.588153,0.590303,0.593338,0.596295,0.599342,0.601799,0.605831,0.609331,0.612452,0.615111,0.617292,0.618991,0.62011,0.620685,0.62091,0.620677
2005$/Mcal/day,allansce1,Mexico,FoodDemand,FoodDemand,FoodDemand_NonStaples,0.212815,0.214728,0.216226,0.218039,0.219718,0.221402,0.222838,0.224663,0.226183,0.227563,0.22872,0.229665,0.230417,0.230953,0.231299,0.231502,0.231533
2005$/Mcal/day,allansce1,Middle East,FoodDemand,FoodDemand,FoodDemand_NonStaples,0.279466,0.281811,0.28351,0.285387,0.287179,0.288936,0.290283,0.292696,0.294578,0.29609,0.297241,0.298074,0.29856,0.298728,0.298614,0.298328,0.297823
2005$/Mcal/day,allansce1,Pakistan,FoodDemand,FoodDemand,FoodDemand_NonStaples,0.115688,0.118679,0.121203,0.123729,0.126368,0.129426,0.132569,0.136508,0.141169,0.14536,0.148627,0.151475,0.153625,0.155246,0.156386,0.157103,0.157386
2005$/Mcal/day,allansce1,Russia,FoodDemand,FoodDemand,FoodDemand_NonStaples,0.23455,0.235188,0.235662,0.236405,0.237157,0.237912,0.238483,0.239315,0.239975,0.240531,0.240926,0.241158,0.241271,0.241262,0.241159,0.241004,0.240733
2005$/Mcal/day,allansce1,South Africa,FoodDemand,FoodDemand,FoodDemand_NonStaples,0.196695,0.198082,0.19954,0.201077,0.202504,0.203829,0.204935,0.206115,0.20711,0.207967,0.208621,0.209098,0.20944,0.209682,0.209786,0.209777,0.209628
2005$/Mcal/day,allansce1,South America_Northern,FoodDemand,FoodDemand,FoodDemand_NonStaples,0.490057,0.492033,0.495098,0.498751,0.502606,0.506792,0.510463,0.515161,0.519273,0.522974,0.526022,0.528466,0.530403,0.53181,0.532704,0.533209,0.533215
2005$/Mcal/day,allansce1,South America_Southern,FoodDemand,FoodDemand,FoodDemand_NonStaples,0.27129,0.273578,0.275276,0.277114,0.278826,0.280553,0.281967,0.283966,0.285646,0.28714,0.288348,0.289273,0.289994,0.290474,0.290733,0.29083,0.290717
2005$/Mcal/day,allansce1,South Asia,FoodDemand,FoodDemand,FoodDemand_NonStaples,0.263138,0.267027,0.270311,0.273836,0.277503,0.280979,0.283985,0.287571,0.290595,0.293131,0.295143,0.296699,0.29788,0.298698,0.299181,0.299399,0.299318
2005$/Mcal/day,allansce1,South Korea,FoodDemand,FoodDemand,FoodDemand_NonStaples,0.823973,0.827171,0.829596,0.833146,0.836699,0.840386,0.843416,0.84824,0.852348,0.855913,0.85885,0.861152,0.862839,0.863857,0.864273,0.864307,0.863851
2005$/Mcal/day,allansce1,Southeast Asia,FoodDemand,FoodDemand,FoodDemand_NonStaples,0.287187,0.289004,0.290285,0.291541,0.29274,0.29396,0.294876,0.296293,0.297371,0.298224,0.298815,0.299198,0.299425,0.299489,0.299405,0.299215,0.298896
2005$/Mcal/day,allansce1,Taiwan,FoodDemand,FoodDemand,FoodDemand_NonStaples,0.267885,0.26899,0.269597,0.270469,0.27141,0.272515,0.27333,0.274645,0.27566,0.276546,0.277178,0.277615,0.27792,0.278076,0.278079,0.277989,0.277756
2005$/Mcal/day,allansce1,USA,FoodDemand,FoodDemand,FoodDemand_NonStaples,0.280089,0.282313,0.28405,0.285924,0.287494,0.288912,0.290052,0.291845,0.293371,0.294686,0.295859,0.296846,0.297571,0.297962,0.298063,0.297997,0.297756
2005$/Mcal/day,allansce1nz,Africa_Eastern,FoodDemand,FoodDemand,FoodDemand_NonStaples,0.279055,0.313216,0.343525,0.394725,0.451825,0.502077,0.557061,0.604551,0.658376,0.712864,0.767679,0.813579,0.866062,0.863885,0.858102,0.854841,0.851747
2005$/Mcal/day,allansce1nz,Africa_Northern,FoodDemand,FoodDemand,FoodDemand_NonStaples,0.309366,0.317399,0.324579,0.337599,0.357882,0.378711,0.402509,0.420681,0.440421,0.460731,0.480904,0.496843,0.514012,0.51138,0.507873,0.505263,0.503218
2005$/Mcal/day,allansce1nz,Africa_Southern,FoodDemand,FoodDemand,FoodDemand_NonStaples,0.229317,0.249282,0.259806,0.281247,0.303167,0.330928,0.375974,0.418375,0.458668,0.496973,0.537431,0.568617,0.603689,0.602835,0.598344,0.595888,0.592691
2005$/Mcal/day,allansce1nz,Africa_Western,FoodDemand,FoodDemand,FoodDemand_NonStaples,0.250579,0.270624,0.284301,0.301707,0.33647,0.381279,0.443109,0.496805,0.551032,0.604163,0.656559,0.697215,0.744005,0.74471,0.734208,0.727456,0.72276
2005$/Mcal/day,allansce1nz,Argentina,FoodDemand,FoodDemand,FoodDemand_NonStaples,0.26853900000000003,0.281154,0.292089,0.310905,0.341185,0.372123,0.408645,0.438081,0.471423,0.507541,0.542392,0.570813,0.600844,0.598344,0.595499,0.594573,0.594132
2005$/Mcal/day,allansce1nz,Australia_NZ,FoodDemand,FoodDemand,FoodDemand_NonStaples,0.280248,0.289584,0.29627,0.30906,0.330111,0.351899,0.376305,0.394944,0.416355,0.438712,0.45952,0.476128,0.494194,0.491111,0.487736,0.485732,0.484218
2005$/Mcal/day,allansce1nz,Brazil,FoodDemand,FoodDemand,FoodDemand_NonStaples,0.146194,0.153347,0.160147,0.174112,0.196645,0.216146,0.242097,0.261213,0.282266,0.304033,0.324002,0.34044,0.359617,0.355346,0.350687,0.347,0.343425
2005$/Mcal/day,allansce1nz,Canada,FoodDemand,FoodDemand,FoodDemand_NonStaples,0.254616,0.263784,0.270348,0.283437,0.304831,0.32657,0.352995,0.372866,0.394855,0.417599,0.439522,0.457569,0.477589,0.475869,0.472957,0.471039,0.469523
2005$/Mcal/day,allansce1nz,Central America and Caribbean,FoodDemand,FoodDemand,FoodDemand_NonStaples,0.192922,0.200036,0.205224,0.21464,0.229658,0.245191,0.263229,0.27691,0.291909,0.307346,0.322124,0.33445,0.348173,0.348455,0.346913,0.345968,0.345038
2005$/Mcal/day,allansce1nz,Central Asia,FoodDemand,FoodDemand,FoodDemand_NonStaples,0.249123,0.25557,0.260271,0.268036,0.279382,0.290775,0.304651,0.315583,0.328043,0.341747,0.35543,0.367112,0.379768,0.37991,0.37915,0.37861,0.377904
2005$/Mcal/day,allansce1nz,China,FoodDemand,FoodDemand,FoodDemand_NonStaples,0.488668,0.497877,0.504661,0.516295,0.535483,0.555542,0.578931,0.59250100000000006,0.606426,0.620358,0.633295,0.642921,0.65384,0.648316,0.641584,0.635516,0.630344
2005$/Mcal/day,allansce1nz,Colombia,FoodDemand,FoodDemand,FoodDemand_NonStaples,0.180933,0.18583,0.189945,0.19674,0.20715,0.218706,0.23331,0.243514,0.254896,0.26659,0.277331,0.287199,0.296877,0.295544,0.294171,0.293031,0.291671
2005$/Mcal/day,allansce1nz,EU-12,FoodDemand,FoodDemand,FoodDemand_NonStaples,0.185871,0.192049,0.195932,0.203935,0.217257,0.229541,0.243163,0.253409,0.264888,0.276384,0.286906,0.294887,0.303502,0.302476,0.300753,0.29946,0.298432
2005$/Mcal/day,allansce1nz,EU-15,FoodDemand,FoodDemand,FoodDemand_NonStaples,0.252905,0.260928,0.266053,0.2764,0.293735,0.310679,0.330743,0.345323,0.361411,0.37776,0.393273,0.405773,0.41953,0.418242,0.415854,0.414058,0.412577
2005$/Mcal/day,allansce1nz,Europe_Eastern,FoodDemand,FoodDemand,FoodDemand_NonStaples,0.168301,0.17486,0.178856,0.186365,0.198341,0.210556,0.224759,0.234494,0.245248,0.2562,0.266553,0.274627,0.283761,0.282253,0.280131,0.278323,0.276554
2005$/Mcal/day,allansce1nz,Europe_Non_EU,FoodDemand,FoodDemand,FoodDemand_NonStaples,0.266249,0.279753,0.289673,0.307591,0.337426,0.369561,0.408341,0.436508,0.464819,0.493545,0.520805,0.543002,0.568614,0.564859,0.559384,0.554639,0.549996
2005$/Mcal/day,allansce1nz,European Free Trade Association,FoodDemand,FoodDemand,FoodDemand_NonStaples,0.347557,0.357466,0.36352,0.375856,0.397794,0.419657,0.444958,0.463188,0.483045,0.502809,0.521654,0.537227,0.554238,0.552117,0.548594,0.546112,0.544135
2005$/Mcal/day,allansce1nz,India,FoodDemand,FoodDemand,FoodDemand_NonStaples,0.11757,0.123462,0.128438,0.135764,0.147253,0.160311,0.175201,0.185911,0.198889,0.213165,0.226673,0.237861,0.249605,0.247751,0.244556,0.24182,0.238963
2005$/Mcal/day,allansce1nz,Indonesia,FoodDemand,FoodDemand,FoodDemand_NonStaples,0.29253,0.300238,0.306717,0.317241,0.334653,0.353165,0.376163,0.391009,0.40667,0.423969,0.440126,0.452875,0.468648,0.465629,0.461764,0.458381,0.455299
2005$/Mcal/day,allansce1nz,Japan,FoodDemand,FoodDemand,FoodDemand_NonStaples,0.589058,0.604662,0.615908,0.639009,0.673884,0.7038,0.736479,0.758974,0.782202,0.804424,0.824338,0.8403,0.856562,0.854688,0.85164,0.849353,0.847339
2005$/Mcal/day,allansce1nz,Mexico,FoodDemand,FoodDemand,FoodDemand_NonStaples,0.21388,0.219755,0.22385,0.231316,0.244028,0.258302,0.276194,0.290081,0.305459,0.320969,0.3356,0.347917,0.361563,0.361839,0.361116,0.36089,0.3606
2005$/Mcal/day,allansce1nz,Middle East,FoodDemand,FoodDemand,FoodDemand_NonStaples,0.281286,0.292415,0.300493,0.315745,0.34017,0.363848,0.393222,0.415899,0.442776,0.468877,0.492917,0.512277,0.534219,0.531195,0.526294,0.522371,0.51896
2005$/Mcal/day,allansce1nz,Pakistan,FoodDemand,FoodDemand,FoodDemand_NonStaples,0.116306,0.121377,0.125481,0.130847,0.137997,0.147689,0.165163,0.183497,0.199492,0.215465,0.230706,0.243727,0.257718,0.260009,0.26073,0.261382,0.261479
2005$/Mcal/day,allansce1nz,Russia,FoodDemand,FoodDemand,FoodDemand_NonStaples,0.235494,0.24019,0.244022,0.252762,0.267606,0.283312,0.301335,0.314225,0.328017,0.341448,0.354491,0.364889,0.377232,0.375878,0.373857,0.372148,0.370442
2005$/Mcal/day,allansce1nz,South Africa,FoodDemand,FoodDemand,FoodDemand_NonStaples,0.197323,0.201427,0.205172,0.213152,0.228708,0.248451,0.269816,0.280416,0.294758,0.311372,0.327791,0.342435,0.359119,0.358196,0.35599,0.353546,0.351555
2005$/Mcal/day,allansce1nz,South America_Northern,FoodDemand,FoodDemand,FoodDemand_NonStaples,0.494402,0.506438,0.517933,0.54064,0.575302,0.608986,0.649886,0.682895,0.719976,0.760084,0.796382,0.829152,0.86583,0.867952,0.867222,0.866676,0.865775
2005$/Mcal/day,allansce1nz,South America_Southern,FoodDemand,FoodDemand,FoodDemand_NonStaples,0.272667,0.280259,0.286313,0.297794,0.31632,0.334366,0.357539,0.376049,0.396477,0.417459,0.438189,0.455532,0.474584,0.475066,0.472147,0.470568,0.469722
2005$/Mcal/day,allansce1nz,South Asia,FoodDemand,FoodDemand,FoodDemand_NonStaples,0.263813,0.272394,0.279458,0.291406,0.309322,0.32777,0.349315,0.367385,0.387271,0.40948,0.43024,0.447549,0.466632,0.466781,0.465211,0.464187,0.463137
2005$/Mcal/day,allansce1nz,South Korea,FoodDemand,FoodDemand,FoodDemand_NonStaples,0.828056,0.846674,0.860312,0.888396,0.930904,0.970145,1.01729,1.05301,1.09253,1.13369,1.1738,1.20797,1.24554,1.24294,1.23733,1.23279,1.22885
2005$/Mcal/day,allansce1nz,Southeast Asia,FoodDemand,FoodDemand,FoodDemand_NonStaples,0.288104,0.294718,0.299384,0.30774,0.320873,0.334439,0.350875,0.362434,0.375159,0.38825,0.400788,0.411278,0.423233,0.422147,0.419999,0.418269,0.416824
2005$/Mcal/day,allansce1nz,Taiwan,FoodDemand,FoodDemand,FoodDemand_NonStaples,0.269394,0.275248,0.279462,0.288737,0.304337,0.319235,0.337574,0.350372,0.36397,0.378121,0.391763,0.403476,0.416849,0.415554,0.413271,0.411365,0.409755
2005$/Mcal/day,allansce1nz,USA,FoodDemand,FoodDemand,FoodDemand_NonStaples,0.281435,0.288714,0.294219,0.30456,0.32253,0.342506,0.367427,0.3846,0.40389,0.424105,0.443977,0.460531,0.479466,0.478814,0.476487,0.474611,0.473144
2005$/Mcal/day,allansce2,Africa_Eastern,FoodDemand,FoodDemand,FoodDemand_NonStaples,0.277936,0.286407,0.295642,0.305831,0.31687,0.328642,0.340215,0.352955,0.364029,0.373215,0.380383,0.385845,0.389939,0.392906,0.394934,0.396194,0.396733
2005$/Mcal/day,allansce2,Africa_Northern,FoodDemand,FoodDemand,FoodDemand_NonStaples,0.307406,0.309378,0.310788,0.312576,0.314469,0.316442,0.318051,0.320284,0.322067,0.323557,0.32462800000000003,0.325504,0.326159,0.326629,0.327031,0.327539,0.327954
2005$/Mcal/day,allansce2,Africa_Southern,FoodDemand,FoodDemand,FoodDemand_NonStaples,0.228155,0.231299,0.234356,0.237613,0.24083,0.244066,0.246948,0.25057,0.253742,0.256533,0.258876,0.260789,0.262331,0.263498,0.264307,0.264839,0.265138
2005$/Mcal/day,allansce2,Africa_Western,FoodDemand,FoodDemand,FoodDemand_NonStaples,0.249823,0.253375,0.257308,0.260946,0.264481,0.268051,0.271308,0.275836,0.279924,0.283646,0.286891,0.289655,0.291974,0.293825,0.295212,0.296232,0.296857
2005$/Mcal/day,allansce2,Argentina,FoodDemand,FoodDemand,FoodDemand_NonStaples,0.267612,0.273918,0.279457,0.284771,0.289679,0.294357,0.298299,0.302398,0.305784,0.308717,0.31107,0.31295,0.314429,0.315498,0.316139,0.316381,0.316204
2005$/Mcal/day,allansce2,Australia_NZ,FoodDemand,FoodDemand,FoodDemand_NonStaples,0.27882,0.281445,0.283397,0.285481,0.287373,0.289141,0.290603,0.292807,0.294559,0.296012,0.29713,0.297957,0.29855,0.298896,0.299035,0.299023,0.298827
2005$/Mcal/day,allansce2,Brazil,FoodDemand,FoodDemand,FoodDemand_NonStaples,0.145127,0.147393,0.149313,0.15118500000000001,0.152873,0.154493,0.155827,0.15737,0.158658,0.159763,0.160637,0.161299,0.161771,0.162048,0.162141,0.162096,0.161894
2005$/Mcal/day,allansce2,Canada,FoodDemand,FoodDemand,FoodDemand_NonStaples,0.253022,0.255213,0.256731,0.258443,0.260047,0.261718,0.263118,0.265214,0.266883,0.26829,0.269378,0.270219,0.270833,0.271176,0.271302,0.271274,0.271045
2005$/Mcal/day,allansce2,Central America and Caribbean,FoodDemand,FoodDemand,FoodDemand_NonStaples,0.191868,0.19402,0.195673,0.197495,0.199256,0.201061,0.202582,0.204545,0.206151,0.207555,0.208694,0.209589,0.210282,0.210755,0.211016,0.211128,0.211067
2005$/Mcal/day,allansce2,Central Asia,FoodDemand,FoodDemand,FoodDemand_NonStaples,0.248345,0.250513,0.252088,0.253456,0.254655,0.255734,0.25651,0.257647,0.258547,0.259338,0.259933,0.260297,0.260486,0.260532,0.260487,0.260373,0.2601
2005$/Mcal/day,allansce2,China,FoodDemand,FoodDemand,FoodDemand_NonStaples,0.487291,0.491121,0.493517,0.495488,0.496854,0.497808,0.497992,0.498377,0.49821,0.497702,0.4968,0.495539,0.494112,0.492569,0.491034,0.489571,0.488083
2005$/Mcal/day,allansce2,Colombia,FoodDemand,FoodDemand,FoodDemand_NonStaples,0.18018,0.18214,0.183728,0.185338,0.186909,0.188495,0.189795,0.191293,0.192486,0.193492,0.194259,0.194806,0.195184,0.195398,0.195467,0.195419,0.195235
2005$/Mcal/day,allansce2,EU-12,FoodDemand,FoodDemand,FoodDemand_NonStaples,0.18454,0.18599,0.186738,0.187662,0.188518,0.189406,0.190058,0.19124,0.192171,0.192962,0.193542,0.193942,0.194217,0.194344,0.19434,0.194248,0.194015
2005$/Mcal/day,allansce2,EU-15,FoodDemand,FoodDemand,FoodDemand_NonStaples,0.251416,0.253366,0.254496,0.2559,0.25721,0.258531,0.259531,0.261227,0.262584,0.263717,0.264588,0.26524,0.265716,0.265975,0.266032,0.265955,0.2657
2005$/Mcal/day,allansce2,Europe_Eastern,FoodDemand,FoodDemand,FoodDemand_NonStaples,0.167492,0.169079,0.170238,0.171471,0.172674,0.17396,0.175006,0.176259,0.177281,0.178195,0.17885,0.179291,0.179613,0.179794,0.179857,0.179855,0.179707
2005$/Mcal/day,allansce2,Europe_Non_EU,FoodDemand,FoodDemand,FoodDemand_NonStaples,0.264945,0.269394,0.272653,0.275946,0.279034,0.282119,0.284654,0.287645,0.289925,0.291755,0.293032,0.293854,0.294317,0.294461,0.29427,0.293852,0.293132
2005$/Mcal/day,allansce2,European Free Trade Association,FoodDemand,FoodDemand,FoodDemand_NonStaples,0.34572,0.348163,0.349907,0.352008,0.353819,0.355636,0.357184,0.359418,0.361286,0.362887,0.364168,0.365121,0.365822,0.366223,0.366354,0.366311,0.366026
2005$/Mcal/day,allansce2,India,FoodDemand,FoodDemand,FoodDemand_NonStaples,0.117007,0.120345,0.123075,0.125824,0.128544,0.131128,0.133345,0.135874,0.138011,0.139751,0.14107,0.142007,0.142563,0.142762,0.142649,0.14225,0.141599
2005$/Mcal/day,allansce2,Indonesia,FoodDemand,FoodDemand,FoodDemand_NonStaples,0.290966,0.293974,0.29654,0.298814,0.300993,0.303071,0.304678,0.306485,0.307735,0.308616,0.309074,0.30924,0.309221,0.30903,0.308684,0.308219,0.30762
2005$/Mcal/day,allansce2,Japan,FoodDemand,FoodDemand,FoodDemand_NonStaples,0.585013,0.587958,0.590003,0.592935,0.595789,0.598723,0.601104,0.605021,0.608433,0.611479,0.614086,0.616223,0.617895,0.618998,0.619571,0.6198,0.619585
2005$/Mcal/day,allansce2,Mexico,FoodDemand,FoodDemand,FoodDemand_NonStaples,0.212794,0.214674,0.21614,0.217916,0.219558,0.221201,0.222603,0.224387,0.225867,0.227214,0.228343,0.229264,0.229997,0.230519,0.230858,0.231056,0.231085
2005$/Mcal/day,allansce2,Middle East,FoodDemand,FoodDemand,FoodDemand_NonStaples,0.279436,0.281734,0.283388,0.285219,0.286967,0.288675,0.289988,0.29235,0.294192,0.295671,0.296794,0.297605,0.29808,0.298241,0.298128,0.297843,0.297347
2005$/Mcal/day,allansce2,Pakistan,FoodDemand,FoodDemand,FoodDemand_NonStaples,0.115684,0.118668,0.121185,0.123704,0.126332,0.129377,0.132508,0.136425,0.14105,0.145231,0.148466,0.151306,0.153444,0.155057,0.156192,0.156902,0.157191
2005$/Mcal/day,allansce2,Russia,FoodDemand,FoodDemand,FoodDemand_NonStaples,0.23454,0.235161,0.235619,0.236346,0.237082,0.23782,0.238377,0.239193,0.239838,0.240381,0.240767,0.240991,0.241099,0.241087,0.240985,0.240831,0.240564
2005$/Mcal/day,allansce2,South Africa,FoodDemand,FoodDemand,FoodDemand_NonStaples,0.196689,0.198066,0.199513,0.201039,0.202455,0.203767,0.204865,0.206031,0.207015,0.207863,0.20851,0.208982,0.209317,0.209554,0.209656,0.209646,0.209498
2005$/Mcal/day,allansce2,South America_Northern,FoodDemand,FoodDemand,FoodDemand_NonStaples,0.490202,0.49207,0.494976,0.498474,0.502175,0.506202,0.509744,0.514271,0.518236,0.521804,0.524746,0.527103,0.528973,0.530332,0.5312,0.531693,0.53171
2005$/Mcal/day,allansce2,South America_Southern,FoodDemand,FoodDemand,FoodDemand_NonStaples,0.271264,0.27351,0.275167,0.276961,0.278632,0.280316,0.281693,0.283648,0.285287,0.28674500000000003,0.287923,0.288817,0.289516,0.289981,0.290233,0.290327,0.290217
2005$/Mcal/day,allansce2,South Asia,FoodDemand,FoodDemand,FoodDemand_NonStaples,0.263126,0.266996,0.270258,0.273755,0.277392,0.280833,0.283805,0.287348,0.290329,0.292825,0.294802,0.29633,0.29749,0.298292,0.298768,0.298983,0.298907
2005$/Mcal/day,allansce2,South Korea,FoodDemand,FoodDemand,FoodDemand_NonStaples,0.823881,0.826944,0.829247,0.832679,0.836114,0.839673,0.842608,0.8473,0.851302,0.854776,0.857648,0.859896,0.86155,0.862549,0.862964,0.863004,0.862572
2005$/Mcal/day,allansce2,Southeast Asia,FoodDemand,FoodDemand,FoodDemand_NonStaples,0.287172,0.288966,0.290224,0.291456,0.292633,0.293827,0.294723,0.296114,0.297168,0.298001,0.298576,0.298947,0.299165,0.299224,0.299139,0.29895,0.298636
2005$/Mcal/day,allansce2,Taiwan,FoodDemand,FoodDemand,FoodDemand_NonStaples,0.267867,0.268945,0.269526,0.270371,0.271286,0.27236,0.273155,0.274436,0.275425,0.27629,0.276907,0.277333,0.277632,0.277784,0.277787,0.277699,0.277472
2005$/Mcal/day,allansce2,USA,FoodDemand,FoodDemand,FoodDemand_NonStaples,0.280074,0.282271,0.283982,0.285828,0.28737,0.288753,0.289864,0.291624,0.29312,0.294409,0.295562,0.296533,0.297246,0.297629,0.297728,0.297659,0.297422
2005$/Mcal/day,allansce2nz,Africa_Eastern,FoodDemand,FoodDemand,FoodDemand_NonStaples,0.279042,0.313121,0.343418,0.394555,0.45148,0.501375,0.555787,0.603036,0.65658,0.710722,0.765244,0.811037,0.863317,0.861282,0.855556,0.852353,0.849309
2005$/Mcal/day,allansce2nz,Africa_Northern,FoodDemand,FoodDemand,FoodDemand_NonStaples,0.309345,0.317339,0.324481,0.337487,0.357685,0.378344,0.401895,0.419993,0.43963,0.459849,0.479958,0.495882,0.513013,0.51043,0.506947,0.50437,0.502361
2005$/Mcal/day,allansce2nz,Africa_Southern,FoodDemand,FoodDemand,FoodDemand_NonStaples,0.229306,0.249228,0.25975,0.281168,0.302964,0.330452,0.375145,0.417366,0.457453,0.495535,0.535827,0.566971,0.601946,0.601216,0.596776,0.594378,0.591234
2005$/Mcal/day,allansce2nz,Africa_Western,FoodDemand,FoodDemand,FoodDemand_NonStaples,0.250561,0.270545,0.284199,0.301568,0.336141,0.380632,0.441967,0.495408,0.549352,0.602201,0.654325,0.694892,0.741542,0.742415,0.731952,0.725272,0.720636
2005$/Mcal/day,allansce2nz,Argentina,FoodDemand,FoodDemand,FoodDemand_NonStaples,0.26853,0.281094,0.291966,0.310753,0.340898,0.371605,0.407763,0.437062,0.470183,0.50612,0.540837,0.569207,0.599153,0.596729,0.593948,0.593074,0.59267
2005$/Mcal/day,allansce2nz,Australia_NZ,FoodDemand,FoodDemand,FoodDemand_NonStaples,0.280236,0.289526,0.296166,0.308929,0.329884,0.351502,0.375665,0.394216,0.415508,0.437755,0.45848,0.475075,0.493103,0.490072,0.486726,0.484757,0.483272
2005$/Mcal/day,allansce2nz,Brazil,FoodDemand,FoodDemand,FoodDemand_NonStaples,0.146137,0.153351,0.16021,0.174348,0.196953,0.216314,0.242079,0.261168,0.282147,0.303862,0.323813,0.34034,0.359505,0.355243,0.350582,0.346907,0.343352
2005$/Mcal/day,allansce2nz,Canada,FoodDemand,FoodDemand,FoodDemand_NonStaples,0.254536,0.263558,0.270021,0.283169,0.304613,0.326246,0.352471,0.3724,0.39444,0.417244,0.439276,0.457464,0.477603,0.47589,0.472981,0.47111,0.469659
2005$/Mcal/day,allansce2nz,Central America and Caribbean,FoodDemand,FoodDemand,FoodDemand_NonStaples,0.192886,0.19987,0.204953,0.214267,0.229102,0.2444,0.262134,0.275672,0.290501,0.305767,0.320399,0.332643,0.346245,0.346588,0.345048,0.344113,0.343201
2005$/Mcal/day,allansce2nz,Central Asia,FoodDemand,FoodDemand,FoodDemand_NonStaples,0.249117,0.255544,0.260226,0.267986,0.279284,0.290577,0.304296,0.315168,0.327543,0.341159,0.354775,0.366445,0.379066,0.379224,0.378478,0.377955,0.377263
2005$/Mcal/day,allansce2nz,China,FoodDemand,FoodDemand,FoodDemand_NonStaples,0.488653,0.497834,0.50457,0.516194,0.535278,0.555161,0.578289,0.591789,0.605617,0.619462,0.632344,0.64198,0.652877,0.647414,0.640717,0.634688,0.629552
2005$/Mcal/day,allansce2nz,Colombia,FoodDemand,FoodDemand,FoodDemand_NonStaples,0.180904,0.185732,0.189761,0.196409,0.20649,0.217565,0.231483,0.241245,0.252104,0.263261,0.273541,0.283042,0.292324,0.291041,0.289738,0.288683,0.287431
2005$/Mcal/day,allansce2nz,EU-12,FoodDemand,FoodDemand,FoodDemand_NonStaples,0.185861,0.192007,0.195852,0.203856,0.217121,0.229296,0.242752,0.252955,0.264384,0.275841,0.286345,0.294343,0.302962,0.301957,0.300242,0.298959,0.297941
2005$/Mcal/day,allansce2nz,EU-15,FoodDemand,FoodDemand,FoodDemand_NonStaples,0.252886,0.26087,0.265952,0.276299,0.293555,0.310345,0.330176,0.344687,0.360692,0.376967,0.392432,0.404944,0.418687,0.417433,0.41506,0.413281,0.411817
2005$/Mcal/day,allansce2nz,Europe_Eastern,FoodDemand,FoodDemand,FoodDemand_NonStaples,0.168296,0.174821,0.178775,0.186273,0.198186,0.210299,0.224356,0.23405,0.244747,0.255649,0.265965,0.274037,0.283158,0.281677,0.279571,0.277781,0.276033
2005$/Mcal/day,allansce2nz,Europe_Non_EU,FoodDemand,FoodDemand,FoodDemand_NonStaples,0.266229,0.27968,0.289526,0.307432,0.337132,0.369022,0.407436,0.435491,0.463653,0.49224,0.519375,0.541566,0.56713,0.56346,0.558027,0.553328,0.548726
2005$/Mcal/day,allansce2nz,European Free Trade Association,FoodDemand,FoodDemand,FoodDemand_NonStaples,0.347532,0.357403,0.36339,0.375739,0.397564,0.419222,0.444236,0.462385,0.48214,0.501809,0.520595,0.536178,0.553157,0.551086,0.547581,0.545132,0.543183
2005$/Mcal/day,allansce2nz,India,FoodDemand,FoodDemand,FoodDemand_NonStaples,0.11757,0.123452,0.128412,0.135738,0.147183,0.160151,0.174898,0.185548,0.198418,0.212623,0.226071,0.237244,0.248946,0.247166,0.243977,0.241259,0.238416
2005$/Mcal/day,allansce2nz,Indonesia,FoodDemand,FoodDemand,FoodDemand_NonStaples,0.292496,0.300121,0.306519,0.316988,0.334271,0.35261,0.37538,0.390165,0.405687,0.422862,0.438922,0.45163,0.467354,0.464391,0.460559,0.457209,0.454162
2005$/Mcal/day,allansce2nz,Japan,FoodDemand,FoodDemand,FoodDemand_NonStaples,0.588982,0.604548,0.615741,0.638872,0.673607,0.703267,0.735629,0.758059,0.781216,0.803384,0.823283,0.839294,0.85557,0.853737,0.850703,0.848438,0.846445
2005$/Mcal/day,allansce2nz,Mexico,FoodDemand,FoodDemand,FoodDemand_NonStaples,0.213861,0.219683,0.223715,0.231122,0.243681,0.257754,0.275369,0.289122,0.304357,0.319739,0.334257,0.346532,0.360119,0.360433,0.359717,0.359522,0.359215
2005$/Mcal/day,allansce2nz,Middle East,FoodDemand,FoodDemand,FoodDemand_NonStaples,0.281259,0.292358,0.300405,0.315662,0.339993,0.363458,0.392522,0.415067,0.441792,0.467737,0.4917,0.511051,0.53295,0.529996,0.525132,0.521249,0.517877
2005$/Mcal/day,allansce2nz,Pakistan,FoodDemand,FoodDemand,FoodDemand_NonStaples,0.116297,0.121357,0.125448,0.130806,0.137924,0.147544,0.164837,0.183087,0.199035,0.214909,0.23011,0.243092,0.257079,0.259399,0.260125,0.260787,0.260894
2005$/Mcal/day,allansce2nz,Russia,FoodDemand,FoodDemand,FoodDemand_NonStaples,0.235485,0.24016,0.24396,0.252691,0.267463,0.283045,0.300886,0.313717,0.327434,0.340786,0.353779,0.364174,0.3765,0.375176,0.373174,0.371488,0.369807
2005$/Mcal/day,allansce2nz,South Africa,FoodDemand,FoodDemand,FoodDemand_NonStaples,0.197318,0.201409,0.205138,0.213114,0.228621,0.248249,0.26945,0.279996,0.294235,0.310754,0.3271,0.341717,0.358361,0.357475,0.355285,0.352859,0.350894
2005$/Mcal/day,allansce2nz,South America_Northern,FoodDemand,FoodDemand,FoodDemand_NonStaples,0.494565,0.506523,0.517789,0.540296,0.574641,0.607861,0.648143,0.680783,0.717364,0.756914,0.792377,0.824697,0.861204,0.863239,0.862409,0.861721,0.860713
2005$/Mcal/day,allansce2nz,South America_Southern,FoodDemand,FoodDemand,FoodDemand_NonStaples,0.272645,0.280181,0.286185,0.297644,0.316084,0.333968,0.356912,0.37536,0.395688,0.416571,0.437242,0.454592,0.473627,0.474174,0.471267,0.469696,0.468882
2005$/Mcal/day,allansce2nz,South Asia,FoodDemand,FoodDemand,FoodDemand_NonStaples,0.263801,0.272357,0.2794,0.291347,0.309209,0.327533,0.348884,0.366877,0.386584,0.408693,0.42936,0.446651,0.46567,0.465862,0.464308,0.463306,0.462278
2005$/Mcal/day,allansce2nz,South Korea,FoodDemand,FoodDemand,FoodDemand_NonStaples,0.827965,0.846552,0.860136,0.888239,0.930543,0.969419,1.01603,1.05157,1.09083,1.13174,1.17166,1.20579,1.24325,1.24076,1.23521,1.23073,1.22686
2005$/Mcal/day,allansce2nz,Southeast Asia,FoodDemand,FoodDemand,FoodDemand_NonStaples,0.288089,0.29468,0.299325,0.307673,0.320739,0.334188,0.350451,0.36195,0.374596,0.387608,0.400088,0.410563,0.422483,0.421433,0.419299,0.417587,0.416161
2005$/Mcal/day,allansce2nz,Taiwan,FoodDemand,FoodDemand,FoodDemand_NonStaples,0.26938,0.275216,0.279409,0.288687,0.304225,0.318986,0.337133,0.34987,0.363385,0.377452,0.391034,0.402743,0.416072,0.414814,0.412546,0.410661,0.409072
2005$/Mcal/day,allansce2nz,USA,FoodDemand,FoodDemand,FoodDemand_NonStaples,0.281422,0.288657,0.29411,0.304423,0.32227,0.342048,0.366683,0.383758,0.402912,0.422992,0.442768,0.459309,0.478202,0.477611,0.475314,0.473466,0.472031
2005$/Mcal/day,default,Africa_Eastern,FoodDemand,FoodDemand,FoodDemand_NonStaples,0.277716,0.285815,0.294572,0.304156,0.314488,0.325451,0.336258,0.348318,0.358992,0.367999,0.375155,0.38067,0.384823,0.387835,0.389911,0.391246,0.391874
2005$/Mcal/day,default,Africa_Northern,FoodDemand,FoodDemand,FoodDemand_NonStaples,0.307303,0.309088,0.310358,0.311994,0.31375,0.315573,0.317056,0.319138,0.320794,0.322176,0.323174,0.323986,0.324603,0.325042,0.325391,0.32587,0.326244
2005$/Mcal/day,default,Africa_Southern,FoodDemand,FoodDemand,FoodDemand_NonStaples,0.228023,0.230919,0.233749,0.236768,0.239754,0.242748,0.245427,0.248814,0.251779,0.254403,0.256623,0.258444,0.259922,0.261048,0.261838,0.26237,0.262693
2005$/Mcal/day,default,Africa_Western,FoodDemand,FoodDemand,FoodDemand_NonStaples,0.249712,0.252998,0.256668,0.260033,0.263314,0.266607,0.269614,0.273828,0.277629,0.281086,0.284106,0.286678,0.288833,0.29056,0.291855,0.292815,0.293414
2005$/Mcal/day,default,Argentina,FoodDemand,FoodDemand,FoodDemand_NonStaples,0.26744,0.273386,0.278628,0.283638,0.288247,0.292615,0.296267,0.300055,0.303167,0.305845,0.308002,0.309721,0.311071,0.312044,0.312629,0.312848,0.312687
2005$/Mcal/day,default,Australia_NZ,FoodDemand,FoodDemand,FoodDemand_NonStaples,0.278695,0.281093,0.282868,0.284769,0.28649,0.288075,0.289371,0.291383,0.292965,0.294266,0.295264,0.295995,0.296511,0.296803,0.296904,0.296872,0.296675
2005$/Mcal/day,default,Brazil,FoodDemand,FoodDemand,FoodDemand_NonStaples,0.145059,0.147203,0.149024,0.150794,0.152382,0.153891,0.155137,0.156563,0.157748,0.15876,0.159563,0.160166,0.16059,0.160832,0.160903,0.160848,0.16065
2005$/Mcal/day,default,Canada,FoodDemand,FoodDemand,FoodDemand_NonStaples,0.252891,0.25485,0.256187,0.257713,0.259141,0.26062,0.261852,0.263761,0.265272,0.266538,0.267519,0.268231,0.268774,0.269066,0.26916,0.269119,0.268898
2005$/Mcal/day,default,Central America and Caribbean,FoodDemand,FoodDemand,FoodDemand_NonStaples,0.191749,0.193693,0.195175,0.19682,0.198417,0.200043,0.201413,0.203196,0.204648,0.205915,0.206939,0.207746,0.208373,0.208799,0.209034,0.209135,0.209077
2005$/Mcal/day,default,Central Asia,FoodDemand,FoodDemand,FoodDemand_NonStaples,0.248291,0.250353,0.251854,0.253145,0.254275,0.25528,0.255994,0.257062,0.257898,0.25864,0.259196,0.259534,0.259705,0.259738,0.259685,0.259576,0.259314
2005$/Mcal/day,default,China,FoodDemand,FoodDemand,FoodDemand_NonStaples,0.487091,0.490641,0.492833,0.494629,0.495861,0.496708,0.496824,0.497144,0.496945,0.496428,0.495549,0.494332,0.492961,0.49148,0.490033,0.488642,0.487228
2005$/Mcal/day,default,Colombia,FoodDemand,FoodDemand,FoodDemand_NonStaples,0.180141,0.182023,0.183551,0.185099,0.186612,0.188134,0.189384,0.190822,0.191964,0.192918,0.193651,0.194172,0.19453,0.194729,0.194791,0.194743,0.194566
2005$/Mcal/day,default,EU-12,FoodDemand,FoodDemand,FoodDemand_NonStaples,0.184436,0.185675,0.186295,0.187093,0.187837,0.188604,0.189168,0.190244,0.191074,0.191792,0.192322,0.192685,0.192934,0.193046,0.193038,0.192952,0.192734
2005$/Mcal/day,default,EU-15,FoodDemand,FoodDemand,FoodDemand_NonStaples,0.251312,0.253016,0.253994,0.255244,0.256415,0.257584,0.25846,0.260007,0.261237,0.262264,0.263058,0.263653,0.264087,0.264318,0.264361,0.264281,0.26404
2005$/Mcal/day,default,Europe_Eastern,FoodDemand,FoodDemand,FoodDemand_NonStaples,0.16744,0.168914,0.169992,0.171137,0.172263,0.173472,0.174447,0.175618,0.176567,0.177418,0.178028,0.178435,0.178729,0.178892,0.178945,0.178943,0.178804
2005$/Mcal/day,default,Europe_Non_EU,FoodDemand,FoodDemand,FoodDemand_NonStaples,0.264761,0.268848,0.271834,0.274844,0.277674,0.280488,0.282806,0.285553,0.287632,0.289292,0.29045,0.291191,0.291597,0.291706,0.291522,0.291132,0.290465
2005$/Mcal/day,default,European Free Trade Association,FoodDemand,FoodDemand,FoodDemand_NonStaples,0.345602,0.34777,0.349313,0.351207,0.352831,0.354453,0.355834,0.357874,0.359577,0.361036,0.362214,0.363089,0.363702,0.364063,0.364171,0.364124,0.363854
2005$/Mcal/day,default,India,FoodDemand,FoodDemand,FoodDemand_NonStaples,0.116964,0.120225,0.122893,0.12557,0.128216,0.130724,0.13286800000000001,0.135314,0.13737,0.139044,0.140306,0.14121,0.141744,0.141938,0.141834,0.141458,0.14084
2005$/Mcal/day,default,Indonesia,FoodDemand,FoodDemand,FoodDemand_NonStaples,0.290896,0.293778,0.296238,0.298404,0.300475,0.302433,0.303937,0.305631,0.306791,0.307598,0.308016,0.308157,0.308123,0.307925,0.307585,0.307135,0.306563
2005$/Mcal/day,default,Japan,FoodDemand,FoodDemand,FoodDemand_NonStaples,0.584767,0.587218,0.588943,0.591552,0.594108,0.596712,0.598843,0.602438,0.605572,0.608392,0.610834,0.61284,0.61442,0.61546,0.615992,0.616207,0.616009
2005$/Mcal/day,default,Mexico,FoodDemand,FoodDemand,FoodDemand_NonStaples,0.212687,0.214372,0.215679,0.217284,0.218766,0.220236,0.221485,0.223101,0.224426,0.225643,0.22667,0.227507,0.228173,0.228647,0.228952,0.229128,0.22916
2005$/Mcal/day,default,Middle East,FoodDemand,FoodDemand,FoodDemand_NonStaples,0.279313,0.281387,0.282871,0.28453,0.286118,0.287659,0.288844,0.291046,0.292754,0.294134,0.295177,0.295936,0.29638,0.296533,0.29643,0.296161,0.295683
2005$/Mcal/day,default,Pakistan,FoodDemand,FoodDemand,FoodDemand_NonStaples,0.11565,0.118585,0.121059,0.123534,0.126092,0.129068,0.132122,0.13592,0.140356,0.144488,0.147595,0.150416,0.152503,0.154076,0.155167,0.155855,0.156141
2005$/Mcal/day,default,Russia,FoodDemand,FoodDemand,FoodDemand_NonStaples,0.234489,0.235001,0.235379,0.236019,0.236674,0.23732,0.237799,0.238533,0.239109,0.239593,0.239938,0.240134,0.240224,0.240204,0.240101,0.239953,0.239701
2005$/Mcal/day,default,South Africa,FoodDemand,FoodDemand,FoodDemand_NonStaples,0.196639,0.197919,0.199276,0.200706,0.202028,0.20324,0.204254,0.205326,0.206222,0.206994,0.207584,0.208009,0.208309,0.208496,0.20858,0.208566,0.208429
2005$/Mcal/day,default,South America_Northern,FoodDemand,FoodDemand,FoodDemand_NonStaples,0.490357,0.491894,0.494468,0.497632,0.50101,0.50468,0.507921,0.512077,0.515699,0.518962,0.521659,0.523814,0.525519,0.526751,0.527527,0.527969,0.527977
2005$/Mcal/day,default,South America_Southern,FoodDemand,FoodDemand,FoodDemand_NonStaples,0.271161,0.273208,0.274714,0.276356,0.277884,0.279417,0.280656,0.282454,0.283951,0.285279,0.286356,0.287168,0.287775,0.288186,0.288402,0.288478,0.288371
2005$/Mcal/day,default,South Asia,FoodDemand,FoodDemand,FoodDemand_NonStaples,0.263023,0.266724,0.269831,0.273155,0.276622,0.279886,0.282701,0.286066,0.288891,0.291255,0.293133,0.294588,0.295689,0.296451,0.296902,0.297105,0.297033
2005$/Mcal/day,default,South Korea,FoodDemand,FoodDemand,FoodDemand_NonStaples,0.823595,0.826109,0.828035,0.83109,0.83417,0.837341,0.839961,0.844277,0.847955,0.851167,0.853848,0.855952,0.857511,0.858451,0.858833,0.858872,0.858473
2005$/Mcal/day,default,Southeast Asia,FoodDemand,FoodDemand,FoodDemand_NonStaples,0.287086,0.28874,0.289894,0.291023,0.292106,0.293198,0.294009,0.295294,0.296257,0.297013,0.297533,0.297864,0.298055,0.298097,0.298006,0.297819,0.29752
2005$/Mcal/day,default,Taiwan,FoodDemand,FoodDemand,FoodDemand_NonStaples,0.2678,0.26875,0.269245,0.270002,0.270835,0.271817,0.272543,0.273731,0.274638,0.275433,0.275999,0.276386,0.276656,0.276788,0.276778,0.276687,0.276467
2005$/Mcal/day,default,USA,FoodDemand,FoodDemand,FoodDemand_NonStaples,0.27999,0.282018,0.283602,0.285316,0.286727,0.287951,0.288924,0.290539,0.291914,0.293097,0.294184,0.295114,0.295792,0.29615,0.296231,0.296158,0.295929
2005$/Mcal/day,defaultnz,Africa_Eastern,FoodDemand,FoodDemand,FoodDemand_NonStaples,0.278814,0.312102,0.341671,0.391317,0.445526,0.491634,0.540406,0.583872,0.632966,0.682256,0.732068,0.774769,0.822582,0.821435,0.816444,0.813725,0.811093
2005$/Mcal/day,defaultnz,Africa_Northern,FoodDemand,FoodDemand,FoodDemand_NonStaples,0.309239,0.316678,0.323373,0.335733,0.3548,0.373958,0.395437,0.412378,0.430711,0.449383,0.468342,0.483725,0.499928,0.497829,0.494741,0.492411,0.490623
2005$/Mcal/day,defaultnz,Africa_Southern,FoodDemand,FoodDemand,FoodDemand_NonStaples,0.229169,0.248546,0.258699,0.279539,0.300014,0.325503,0.367689,0.407777,0.445363,0.480463,0.518188,0.547841,0.580554,0.580435,0.576423,0.574247,0.571335
2005$/Mcal/day,defaultnz,Africa_Western,FoodDemand,FoodDemand,FoodDemand_NonStaples,0.250444,0.269709,0.282862,0.299269,0.331655,0.373273,0.430451,0.480898,0.531254,0.580525,0.629054,0.667587,0.711321,0.71337,0.703523,0.697349,0.693086
2005$/Mcal/day,defaultnz,Argentina,FoodDemand,FoodDemand,FoodDemand_NonStaples,0.268342,0.280077,0.290194,0.307803,0.335656,0.363606,0.395942,0.4229,0.453234,0.485789,0.518137,0.544928,0.572682,0.570958,0.568953,0.568468,0.56833
2005$/Mcal/day,defaultnz,Australia_NZ,FoodDemand,FoodDemand,FoodDemand_NonStaples,0.280104,0.288802,0.294935,0.306867,0.326267,0.346009,0.367668,0.38475,0.404378,0.42469,0.444037,0.459887,0.476792,0.474142,0.471174,0.46948,0.468211
2005$/Mcal/day,defaultnz,Brazil,FoodDemand,FoodDemand,FoodDemand_NonStaples,0.14606,0.153013,0.159628,0.17336,0.195066,0.212852,0.236386,0.254321,0.273963,0.293854,0.312687,0.329038,0.347176,0.343146,0.338747,0.335296,0.332029
2005$/Mcal/day,defaultnz,Canada,FoodDemand,FoodDemand,FoodDemand_NonStaples,0.254399,0.262795,0.268713,0.281058,0.301017,0.320654,0.344136,0.362513,0.382867,0.403668,0.42426,0.441678,0.460568,0.45929,0.456786,0.455176,0.453957
2005$/Mcal/day,defaultnz,Central America and Caribbean,FoodDemand,FoodDemand,FoodDemand_NonStaples,0.19276,0.199145,0.203727,0.212302,0.225874,0.239666,0.255379,0.267788,0.281369,0.295135,0.308679,0.320275,0.33288,0.333582,0.332197,0.331366,0.330575
2005$/Mcal/day,defaultnz,Central Asia,FoodDemand,FoodDemand,FoodDemand_NonStaples,0.24906,0.255193,0.259624,0.267007,0.277578,0.287881,0.300157,0.310123,0.32145,0.333719,0.34629,0.357411,0.369277,0.369551,0.368991,0.368595,0.368056
2005$/Mcal/day,defaultnz,China,FoodDemand,FoodDemand,FoodDemand_NonStaples,0.488447,0.496964,0.503101,0.513943,0.531522,0.549598,0.570275,0.582768,0.595463,0.607969,0.620089,0.629583,0.639941,0.635259,0.62922,0.6237,0.619019
2005$/Mcal/day,defaultnz,Colombia,FoodDemand,FoodDemand,FoodDemand_NonStaples,0.180864,0.185479,0.189301,0.195614,0.204949,0.214968,0.227348,0.236295,0.24615,0.256076,0.265555,0.274422,0.282885,0.281907,0.280844,0.279952,0.278856
2005$/Mcal/day,defaultnz,EU-12,FoodDemand,FoodDemand,FoodDemand_NonStaples,0.185761,0.191311,0.194739,0.2022,0.214486,0.22555,0.237487,0.246926,0.257596,0.268279,0.278421,0.286317,0.294672,0.293815,0.292256,0.291065,0.290129
2005$/Mcal/day,defaultnz,EU-15,FoodDemand,FoodDemand,FoodDemand_NonStaples,0.252781,0.260103,0.264707,0.274358,0.290303,0.305521,0.32316,0.336521,0.351325,0.366259,0.380887,0.393045,0.40613,0.405191,0.403113,0.401526,0.400231
2005$/Mcal/day,defaultnz,Europe_Eastern,FoodDemand,FoodDemand,FoodDemand_NonStaples,0.168242,0.174432,0.178093,0.185228,0.196423,0.207658,0.220493,0.229531,0.239515,0.249583,0.259352,0.267173,0.275845,0.274617,0.272742,0.271102,0.2695
2005$/Mcal/day,defaultnz,Europe_Non_EU,FoodDemand,FoodDemand,FoodDemand_NonStaples,0.26603,0.278552,0.287602,0.304463,0.33219,0.361634,0.396688,0.423107,0.449381,0.47558,0.50101,0.522401,0.546532,0.543696,0.538938,0.534688,0.530485
2005$/Mcal/day,defaultnz,European Free Trade Association,FoodDemand,FoodDemand,FoodDemand_NonStaples,0.347406,0.356493,0.361859,0.373351,0.393409,0.413068,0.435458,0.452245,0.470604,0.488651,0.506345,0.521443,0.53748,0.535872,0.532723,0.530523,0.528828
2005$/Mcal/day,defaultnz,India,FoodDemand,FoodDemand,FoodDemand_NonStaples,0.11753,0.123196,0.127957,0.13497,0.145781,0.157882,0.171378,0.181267,0.193091,0.205749,0.218282,0.22897,0.239873,0.238548,0.235668,0.233202,0.230605
2005$/Mcal/day,defaultnz,Indonesia,FoodDemand,FoodDemand,FoodDemand_NonStaples,0.292402,0.299624,0.305642,0.315537,0.331634,0.348495,0.369255,0.383108,0.397457,0.412626,0.427434,0.439401,0.454086,0.451562,0.448092,0.445024,0.442247
2005$/Mcal/day,defaultnz,Japan,FoodDemand,FoodDemand,FoodDemand_NonStaples,0.588725,0.603047,0.613318,0.63522,0.668015,0.695557,0.725381,0.746828,0.769109,0.790183,0.809655,0.825693,0.841614,0.840109,0.837369,0.835277,0.83347
2005$/Mcal/day,defaultnz,Mexico,FoodDemand,FoodDemand,FoodDemand_NonStaples,0.213752,0.219023,0.222527,0.229102,0.24010600000000001,0.252464,0.267864,0.280262,0.293884,0.307636,0.320906,0.332499,0.34509,0.345649,0.345261,0.345089,0.344721
2005$/Mcal/day,defaultnz,Middle East,FoodDemand,FoodDemand,FoodDemand_NonStaples,0.281128,0.291627,0.299175,0.313634,0.33649,0.358032,0.38435,0.405147,0.429861,0.45367,0.476317,0.494982,0.515702,0.513422,0.509177,0.505706,0.502711
2005$/Mcal/day,defaultnz,Pakistan,FoodDemand,FoodDemand,FoodDemand_NonStaples,0.116263,0.121157,0.125114,0.130258,0.136926,0.145798,0.161334,0.178669,0.193977,0.208377,0.222728,0.235056,0.248191,0.250771,0.251568,0.252247,0.252404
2005$/Mcal/day,defaultnz,Russia,FoodDemand,FoodDemand,FoodDemand_NonStaples,0.235433,0.239777,0.243293,0.251614,0.265502,0.279956,0.29625,0.308293,0.321129,0.333335,0.345648,0.35575,0.367546,0.366494,0.364767,0.363278,0.361811
2005$/Mcal/day,defaultnz,South Africa,FoodDemand,FoodDemand,FoodDemand_NonStaples,0.197265,0.201127,0.204632,0.212242,0.226866,0.245084,0.264445,0.273956,0.286871,0.301721,0.316823,0.330641,0.34623,0.345618,0.343634,0.341334,0.339573
2005$/Mcal/day,defaultnz,South America_Northern,FoodDemand,FoodDemand,FoodDemand_NonStaples,0.494727,0.505717,0.516087,0.537145,0.568936,0.598819,0.634486,0.664145,0.69715,0.732038,0.764196,0.79354,0.827034,0.829245,0.828744,0.828209,0.827464
2005$/Mcal/day,defaultnz,South America_Southern,FoodDemand,FoodDemand,FoodDemand_NonStaples,0.272538,0.279501,0.285064,0.295851,0.31302,0.329286,0.349969,0.367037,0.385771,0.404686,0.423916,0.44044,0.458266,0.459164,0.456658,0.455311,0.454688
2005$/Mcal/day,defaultnz,South Asia,FoodDemand,FoodDemand,FoodDemand_NonStaples,0.263696,0.271841,0.278526,0.289929,0.306813,0.323856,0.343357,0.360127,0.378254,0.397853,0.416989,0.433409,0.451042,0.451529,0.450249,0.44944,0.448591
2005$/Mcal/day,defaultnz,South Korea,FoodDemand,FoodDemand,FoodDemand_NonStaples,0.827669,0.844919,0.857468,0.88406,0.923694,0.959197,1.0009,1.03371,1.06994,1.10712,1.14437,1.17698,1.21202,1.21044,1.20582,1.202,1.19874
2005$/Mcal/day,defaultnz,Southeast Asia,FoodDemand,FoodDemand,FoodDemand_NonStaples,0.287995,0.294198,0.298521,0.306373,0.31853,0.33084,0.345497,0.356106,0.367814,0.379577,0.39115,0.401097,0.412173,0.411424,0.409512,0.407965,0.406707
2005$/Mcal/day,defaultnz,Taiwan,FoodDemand,FoodDemand,FoodDemand_NonStaples,0.26931,0.274814,0.278733,0.287573,0.302265,0.315899,0.332439,0.344332,0.356899,0.369799,0.38254,0.393844,0.406363,0.405354,0.403315,0.401568,0.400123
2005$/Mcal/day,defaultnz,USA,FoodDemand,FoodDemand,FoodDemand_NonStaples,0.281336,0.288081,0.293114,0.30279,0.319269,0.33728,0.359473,0.375159,0.392734,0.410968,0.429564,0.445609,0.463379,0.463273,0.461353,0.45971,0.458492
